name,ph_seq,ph_dur
0_jtsndsrmm_41,t ing j i an b a b a d u ei n i sh uo SP,0.11 0.11 0.12 0.05 0.1075 0.0625 0.1375 0.0525 0.1575 0.0925 0.01 0.16 0.07 0.11 0.16 0.315 0.26481
0_rgwbsw_2,SP uo i d ing h u ei SP p ei z ai n i sh en SP p ang SP,0.587846 0.1475 0.1825 0.12 0.24 0.17 0.01 0.34 0.48 0.07 0.01 0.13 0.14 0.1 0.08 0.17 0.235 0.065 0.03 0.365 0.819018
0_xyrp_0,d a k ai ch u ang h u r ang g u d an t ou q i SP,0.25 0.22 0.18 0.16 0.18 0.01 0.18 0.2 0.23 0.1 0.27 0.14 0.19 0.14 0.64 0.11 0.19 0.27 0.335 0.34719
0_rgwbsw_5,r u g uo sh u m u ie n eng f ei x i ang SP,0.14 0.1 0.12 0.13 0.15 0.11 0.1 0.19 0.17 0.09 0.12 0.18 0.18 0.35 0.01 0.465 0.39038
0_yltk_1,SP z ai uo k an zh e n i d e i an l i s e c ai b an l an SP,0.26805 0.09 0.2175 0.1225 0.15 0.23 0.13 0.17 0.22 0.33 0.12 0.04 0.01 0.37 0.09 0.08 0.15 0.17 0.22 0.19 0.16 0.15 0.29 0.22 0.839507
0_dy_18,d a v d e ch i b ang SP i j ing t ai l i ao k uo SP,0.15 0.3875 0.3625 0.12 1.15 0.23 0.19 0.07 0.475 0.425 0.32 0.17 0.25 0.18 0.61 0.91 0.01 0.02 0.25 0.76 0.73869
0_xyrp_12,SP u f a k ang j v u l u k e t u ei SP AP SP,0.27 0.02 0.14 0.2375 0.1525 0.24 0.11 0.29 0.35 0.09 0.16 0.19 0.22 0.14 0.01 0.34 0.115 0.59381 0.32805
0_xy_46,SP ai sh i i zh ong x in i ang SP,0.351791 0.24 0.16 0.01 0.2 0.12 0.09 0.2 0.58 0.01 0.36 0.637079
0_xy_40,uo SP ai n i SP AP sh i zh ong v z i j i,0.36 0.05 0.37 0.16 0.965 0.15 0.165 0.19 0.02 0.13 0.19 0.12 0.13 0.1 0.11 0.13369
0_rgwbsw_27,SP b u r ang n i i ou sh ang SP,0.245442 0.16 0.14 0.1 0.16 0.1 0.68 0.01 0.03 0.21 0.775 0.67209
0_tksjdm_20,SP sh i j ie b en g ai sh i n i ch eng sh i d e m u i ang SP,0.323492 0.16 0.08 0.13 0.1 0.12 0.32 0.1 0.15 0.21 0.22 0.12 0.37 0.22 0.26 0.3 0.02 0.1 0.24 0.14 0.64 0.02 0.755 0.31019
0_dnll_2,sh u ei i SP h u en ch en SP,0.16 0.01 0.1175 0.5575 0.365 0.24 0.02 0.51 0.22 0.8 0.36694
0_hd_13,SP n ing van x van z e l i ou SP l i an b u f ang sh ou SP,0.390975 0.14 0.1975 0.14 0.1425 0.1275 0.1125 0.1 0.13 0.01 0.31 0.07 0.06 0.02 0.33 0.1 0.15 0.19 0.17 0.2 0.335 0.54087
0_yltk_19,b u i ao SP p a sh ang h ai SP,0.1 0.2675 0.0225 0.335 0.075 0.04 0.26 0.21 0.3 0.15 0.485 0.33244
0_ylybd_9,ai d e j ve d u ei SP ai d e t an b ai SP,0.43 0.11 0.11 0.15 0.3 0.1 0.01 0.23 0.24 0.33 0.16 0.24 0.17 0.31 0.1 0.475 0.08769
0_jtsndsrmm_5,SP i zh ang q ing ch u en d e l i an SP p ang AP,0.07 0.14 0.14 0.26 0.16 0.3 0.15 0.02 0.33 0.08 0.21 0.07 0.01 0.51 0.09 0.03 0.27 0.36438
0_xyrp_5,SP j i ou d ang z uo sh i zh ong z SP i uo t ao b i SP,0.440794 0.3375 0.0125 0.02 0.13 0.2275 0.1225 0.15 0.19 0.21 0.15 0.2 0.7 0.22 0.01 0.2 0.21 0.47 0.22 0.71 0.92675
0_tksjdm_6,SP p eng zh e i k e b u d ong j i j i ao d e r en zh en SP,0.11 0.0675 0.0225 0.13 0.1775 0.4325 0.18 0.32 0.14 0.29 0.1 0.12 0.15 0.24 0.47 0.01 0.02 0.11 0.16 0.1 0.24 0.18 0.495 1.082361
0_ckyg_0,SP r ang uo SP ai n i SP r an h ou b a uo SP p ao q i SP,0.421973 0.24 0.4675 0.6025 0.4 0.47 0.17 0.37 0.45 0.06 0.13 0.14 0.07 0.12 0.46 0.305 0.095 0.05 0.39 0.25 0.645 0.38444
0_xyrp_17,SP ch uan t ou zh e SP p i an m i m eng j i j ing SP,0.365805 0.18 0.22 0.13 0.23 0.13 0.245 0.105 0.03 0.02 0.19 0.14 0.23 0.15 0.56 0.2 0.22 0.2 0.775 0.75869
0_yrnsmy_21,SP zh ang q ing i z ai ie v x i ang AP,0.35093 0.15 0.24 0.16 0.3575 0.2625 0.14 0.75 0.01 0.27 0.4 0.01 0.06 0.46406
0_hd_18,SP r an h ou i q i f en x i ang SP h u ei g eng m ing b ai SP AP SP,0.33517 0.13 0.26 0.21 0.3975 0.2925 0.16 0.11 0.16 0.22 0.25 0.01 0.19 0.28 0.39 0.01 0.03 0.13 0.2 0.07 0.35 0.1 0.245 0.07 0.14681 0.230635
0_xc_13,sh ou zh e uo d e sh an l i ang c u ei zh e uo ch eng zh ang SP,0.19 0.14 0.14 0.2475 0.1625 0.11 0.13 0.19 0.22 0.26 0.02 0.39 0.28 0.01 0.02 0.15 0.22 0.12 0.17 0.13 0.12 0.18 0.301
0_jtsndsrmm_31,SP j in t i an sh i n i d e sh eng r i SP,9.923628 0.15 0.31 0.17 0.02 0.3075 0.29 0.19 0.1325 0.15 0.11 0.24 0.17 0.32 0.17 0.23 0.594107
0_xc_29,SP sh ou zh e uo d e sh an l i ang,0.385828 0.19 0.12 0.13 0.2175 0.1825 0.11 0.13 0.17 0.2 0.27 0.01 0.38306
0_yrnsmy_0,z uo r i d an d ang z uo r i g an x i ang,0.25 0.27 0.15 0.1875 0.1125 0.26 0.09 0.26 0.14 0.26 0.38 0.01 0.09 0.23 0.4 0.01 0.05794
0_xyrp_14,b i sh ang i an j ing SP j i ou k an b u q ing SP,0.15 0.13 0.19 0.57 0.01 0.02 0.16 0.545 0.055 0.31 0.01 0.02 0.15 0.64 0.11 0.16 0.21 0.4 0.59506
0_xy_38,SP ai sh i i zh ong x in i ang SP,0.358163 0.24 0.16 0.01 0.21 0.12 0.1 0.19 0.59 0.01 0.355 0.571535
0_xy_22,ai sh i i zh ong x in i ang SP,0.23 0.15 0.01 0.23 0.11 0.1 0.18 0.43 0.01 0.44 0.36237
0_jtsndsrmm_48,SP k an j i an s uo i ou n v r en d e m ei l i h e sh an l i ang AP,0.462086 0.11 0.12 0.1 0.04 0.0775 0.1225 0.2675 0.0125 0.02 0.12 0.08 0.16 0.36 0.06 0.15 0.12 0.4 0.09 0.11 0.11 0.12 0.14 0.21 0.24 0.02 0.385 0.48106
0_bmbm_0,SP b an m a SP b an m a SP n i b u i ao SP sh u ei zh ao l a SP AP,0.307551 0.22 0.19 0.35 0.49 0.43 0.07 0.16 0.28 0.52 0.42 0.11 0.07 0.15 0.26 0.02 0.51 0.24 0.27 0.01 0.03 0.09 0.21 0.05 0.51 0.235 0.14225
0_bmbm_13,SP uo sh i zh i h u ei g e ch ang d e sh a g ua SP,0.1 0.135 0.1725 0.0225 0.15 0.3575 0.1125 0.02 0.34 0.12 0.34 0.14 0.41 0.07 0.82 0.15 0.29 0.16 1.055 0.70069
0_ckyg_30,SP uo i u ei d e i u ang SP AP SP,0.446077 0.1875 0.36 0.0125 0.02 0.11 0.1675 0.2025 0.01 2.29 0.145 0.58819 0.241111
0_yrnsmy_14,SP d uo sh ao i h an z i f u c u en n i an x i ang SP,0.413855 0.1 0.26 0.16 0.2875 0.7025 0.19 0.67 0.12 0.63 0.17 0.56 0.23 0.02 0.36 0.39 0.01 0.21 0.83 0.01 0.06 0.660761
0_xy_16,SP uo ai n i SP sh i d uo m e q ing ch u SP,0.199048 0.4275 0.3125 0.16 1.01 0.26 0.19 0.02 0.13 0.15 0.06 0.12 0.15 0.12 0.12 0.15656 0.112404
0_ckyg_16,SP r u g uo SP h en n i SP AP j i ou n eng b u u ang j i n i SP AP,0.314875 0.17 0.32 0.15 0.715 0.505 0.26 0.03 0.33 0.62 0.15 0.47 0.21 0.01 0.02 0.11 0.17 0.09 0.74 0.01 0.04 0.18 0.3 0.14 0.635 0.25 0.22494
0_hd_8,SP i ou sh i h ou i ou sh i h ou SP,0.28 0.01 0.07 0.21 0.24 0.18 0.96 0.01 0.07 0.23 0.11 0.18 0.385 0.925959
0_jtsndsrmm_38,n i an q ing sh i h ou d e n i u ei h ei SP,0.12 0.02 0.3175 0.1525 0.28 0.28 0.03 0.15 0.28 0.11 0.12 0.13 1.85 0.02 0.17 0.01 1.385 0.792946
0_ylybd_2,SP m a m a sh uo j i ou r ang t a l ai SP,0.335034 0.1 0.1175 0.1125 0.1 0.14 0.08 0.14 0.03 0.3 0.06 0.3 0.17 0.3 0.13 0.65 0.913279
0_xy_1,g ou q i h u ei i d e sh SP ang SP,0.13 0.1 0.16 0.05 0.16 0.01 0.0975 0.4225 0.21 0.14 0.18 0.09 0.905 0.682655
0_yrnsmy_10,SP i r u van l i ang i r u n i an sh ao sh i m u i ang AP,0.1 0.64 0.18 0.38 0.34 0.07 0.02 0.75 0.3 0.14 0.25 0.11 0.01 0.68 0.13 0.26 0.17 0.33 0.05 0.72 0.02 0.34 0.34906
0_ylybd_22,SP ai d e j ve d u ei SP ai d e t an b ai AP SP,0.367438 0.4 0.1 0.1 0.15 0.28 0.11 0.01 0.22 0.22 0.38 0.11 0.22 0.18 0.32 0.09 0.365 0.19769 0.190295
0_ckyg_2,SP uo h u ei i zh i x i ang n i SP u ang j i l e h u x i SP,0.495465 0.1475 0.1225 0.02 0.0775 0.59 0.2225 0.44 0.57 0.01 0.01 0.07 0.46 0.47 0.02 0.28 0.17 0.28 0.16 0.24 0.23 0.12 0.24 0.27 0.815206
0_ckyg_5,s uo i ou d e m i an m u SP uo d ou b u k ang j v SP,0.16 0.6975 0.0125 0.02 0.11 0.17 0.12 0.01 0.23 0.21 0.51 0.62 0.14 0.14 0.25 0.13 0.16 0.21 0.35 0.21 2.025 0.38812
0_rgwbsw_9,b ie r ang uo d e sh i j ie an d an u g u ang SP,0.11 0.13 0.07 0.2775 0.1125 0.13 0.2 0.34 0.06 0.14 0.18 0.44 0.11 0.01 0.61 0.14 0.02 0.49 0.42388
0_yltk_22,q ing n i x in zh ong d e zh en ai SP,0.16 0.1575 0.0625 0.1 0.14 0.37 0.12 0.4 0.08 0.18 0.14 0.3 0.015 1.127424
0_dnll_28,SP zh i i ou i g e r en h ai ai n i q i an ch eng d e l ing h u en SP,0.108141 0.23 0.91 0.01 0.01 0.53 0.12 0.18 0.15 0.47 0.17 0.31 0.58 0.1 0.17 0.64 0.01 0.02 0.16 0.21 0.06 0.57 0.08 0.17 0.19 0.02 0.455 0.99831
0_ylybd_15,ou er z ai x i ang t an l i an ai SP,0.38 0.17 0.11 0.08 0.12 0.01 0.2725 0.1275 0.17 0.24 0.01 0.39 0.66 0.983551
0_hd_12,SP k e sh i SP uo i ou sh i h ou SP,0.279206 0.18 0.22 0.3975 0.1175 0.105 1.02 0.01 0.04 0.25 0.11 0.18 0.37 0.50625
0_ckyg_27,SP z u ei u en r ou d e SP ve g u ang SP,0.230295 0.2 0.01 0.2575 0.0225 0.02 0.49 0.69 0.16 1.18 0.39 0.32 0.18 0.03 2.465 2.01387
0_dy_21,SP van l ai n i AP sh eng l ai j i ou sh u v t i an j i AP,0.239274 0.3375 0.1025 0.28 0.16 0.405 0.305 0.19 0.11 0.31 0.29 0.17 0.03 0.18 0.2 0.35 0.29 0.23 0.02 0.68 0.18 1.33 0.54025
0_dnll_6,h u ei i q ing ch u en SP,0.13 0.02 0.0675 0.3925 0.24 0.49 0.25 0.01 0.9 1.115673
0_yrnsmy_20,k e g u v x ve sh i l uo v f eng SP,0.2 0.23 0.14 0.3275 0.2625 0.2 0.22 0.2 0.28 0.09 0.37 0.23 0.18 0.22794 0.401383
0_zqc_14,SP zh e n i an h ua q ing s e sh i q v SP,0.372132 0.14 0.09 0.14 0.01 0.2075 0.1325 0.08 0.16 0.19 0.12 0.08 0.51 0.03 0.24 0.58 0.33188
0_hd_3,SP sh en m e sh i u en r ou SP,0.132063 0.15 0.14 0.26 0.15 0.51 0.02 0.02 0.39 0.28 0.315 0.925521
0_xyrp_24,SP g eng x v i ao i g e r en l ai d i an l i ang t i an d e SP h ei SP,0.202857 0.11 0.16 0.22 0.3175 0.0125 0.3 0.35 0.1 0.29 0.08 0.14 0.22 0.24 0.11 0.04 0.25 0.13 0.01 0.18 0.16 0.02 0.23 0.08 0.315 0.365 0.09 0.565 0.74325
0_xc_5,SP g u zh i d e ch ang zh e k u s e d e g e AP SP,0.409773 0.14 0.33 0.18 0.12 0.12 0.13 0.2 0.43 0.11 0.37 0.21 0.27 0.2 0.15 0.12 0.11 0.16 0.345 0.53106 0.429637
0_jtsndsrmm_21,SP n i an q ing sh i h ou d e n i u ei h ei AP,0.10737 0.11 0.02 0.3175 0.1425 0.28 0.18 0.14 0.16 0.25 0.13 0.12 0.12 1.73 0.01 0.13 0.01 1.49 0.74369
0_hd_16,h ai m ei u ei n i b a h ong d ou SP,0.22 0.25 0.19 0.7 0.01 0.03 0.11 0.14 0.15 0.23 0.2 0.49 0.11 0.39 0.33269
0_xy_4,m ing zh i b u g ai q v x i ang SP b u n eng q v x i ang SP,0.12 0.09 0.14 0.07 0.13 0.07 0.12 0.12 0.18 0.1 0.16 0.01 0.39 0.12 0.1 0.1 0.1 0.11 0.18 0.1 0.25 0.01 0.165 0.31581
0_xc_2,SP g e s e d e l i an sh ang g e s e d e zh u ang SP,0.364966 0.14 0.14 0.23 0.32 0.11 0.15 0.1 0.02 0.3 0.2 0.39 0.15 0.36 0.15 0.14 0.11 0.12 0.18 0.02 0.38 0.53931
0_hd_38,SP d eng d ao f eng j ing d ou k an t ou SP,0.205533 0.11 0.3175 0.1025 0.3375 0.1625 0.23 0.17 0.26 0.08 0.19 0.19 0.52 0.21 0.39 0.597193
0_dnll_25,d uo sh ao r en c eng ai n i q ing ch u en h uan ch ang d e sh i ch en SP,0.17 0.44 0.17 0.21 0.03 0.53 0.18 0.31 0.52 0.12 0.16 0.19 0.53 0.26 0.01 0.02 0.17 0.49 0.14 0.22 0.08 0.51 0.26 0.04 0.2 0.415 0.461027
0_hd_34,x i ang j v l i k ai d ou i ou sh i h ou SP,0.3775 0.0125 0.0475 0.1325 0.1975 0.0825 0.08 0.18 0.74 0.12 0.4 0.01 0.04 0.17 0.14 0.15 0.37 0.37237
0_yltk_3,SP zh eng z ai k ao j in n i d e sh en p SP ang SP,0.380544 0.09 0.14 0.09 0.12 0.13 0.19 0.13 0.12 0.28 0.32 0.14 0.1 0.12 0.05 0.125 0.045 0.17844 0.268095
0_ylybd_31,SP q i sh i SP sh ei b u x i ang v j i an zh en ai SP,0.27381 0.16 0.1 0.3175 0.0425 0.29 0.16 0.29 0.15 0.2 0.65 0.01 0.01 0.31 0.13 0.04 0.08 0.13 0.33 0.295 0.707147
0_xy_32,SP uo ai n i SP sh i d uo m e q ing ch u SP,0.289478 0.4775 0.39 0.1325 0.875 0.295 0.22 0.06 0.08 0.16 0.06 0.1 0.15 0.1 0.12 0.12369 0.159887
0_bmbm_22,SP b an m a b an m a SP n i sh u ei b a sh u ei b a SP,0.44161 0.12 0.16 0.31 0.58 0.15 0.36 0.29 0.74 0.41 0.1 0.27 0.97 0.01 0.02 0.09 0.29 0.54 0.01 0.02 0.1 0.4 0.938498
0_dnll_12,d ang n i l ao l e SP,0.15 0.28 0.41 0.2 0.11 0.26 0.02 0.485 0.779638
0_dnll_22,SP z ou b u d ong l e SP,0.47229 0.22 0.48 0.16 0.17 0.14 0.19 0.01 1.155 0.51688
0_xc_11,b u SP p a x in t ou i ou v i an d i i ou sh u ang SP,0.12 0.16 0.05 0.03 0.1475 0.1425 0.14 0.12 0.3 0.02 0.32 0.39 0.02 0.46 0.09 0.33 0.01 0.04 0.19 0.01 0.545 0.807893
0_zqc_11,SP q ing ch u en l i q i SP,0.266712 0.16 0.18 0.16 0.02 0.3075 0.0725 0.21 0.33 1.475 1.282805
0_xyrp_29,SP x v i ao f ang x i ang x v i ao i an l ei AP SP,0.262018 0.15 0.5075 0.0125 0.02 0.17 0.19 0.3 0.01 0.04 0.2 0.8 0.01 0.02 0.01 0.02 0.24 0.225 0.46512 0.37288
0_yrnsmy_8,SP i r u SP p ang h u ang i r u n i an sh ao sh i m u i ang AP,0.203061 0.7 0.17 0.215 0.085 0.27 0.03 0.91 0.01 0.01 0.28 0.15 0.23 0.12 0.01 0.69 0.13 0.26 0.36 0.15 0.05 0.73 0.02 0.305 0.30444
0_rgwbsw_3,b u r ang n i i ou sh ang SP,0.1 0.09 0.12 0.16 0.09 0.67 0.01 0.05 0.23 0.785 0.38856
0_dy_10,m ei i d i l ei sh u ei SP d ou x i ang n i l i ou t ang q v SP,0.18 0.3675 0.3625 0.17 1.16 0.12 0.23 0.23 0.01 0.425 0.335 0.07 0.22 0.39 0.01 0.02 0.2 0.41 0.63 0.01 0.04 0.18 0.27 0.21 0.57 0.74975
0_hd_36,SP k e sh i uo i ou sh i h ou SP,0.37458 0.16 0.21 0.5675 0.0125 0.99 0.01 0.11 0.24 0.12 0.18 0.475 0.52412
0_xy_12,r u g uo d ang sh i u en n i d ang sh i b ao n i AP SP,0.14 0.09 0.12 0.09 0.1 0.12 0.15 0.3 0.01 0.02 0.29 0.28 0.18 0.12 0.14 0.05 0.15 0.18 0.14 0.215 0.27294 0.216825
0_jtsndsrmm_2,x i ang q i n i an i ou z ai n i SP,0.17 0.01 0.11 0.13 0.07 0.12 0.01 0.51 0.01 0.05 0.17 0.35 0.13 0.33 0.680932
0_xc_28,SP i b ei j ing uan f ang SP,0.360748 0.45 0.15 0.12 0.14 0.22 0.19 0.13 0.46 0.462
0_rgwbsw_10,SP uo d uo x i ang r ang n i k ao z ai uo d e j i an b ang AP SP,0.566009 0.02 0.1 0.13 0.2975 0.0125 0.01 0.07 0.27 0.24 0.13 0.15 0.35 0.15 0.25 0.18 0.09 0.12 0.14 0.06 0.15 0.08 0.485 0.36888 0.221293
0_jtsndsrmm_44,k e uo q ve b u n eng SP p ei z ai n i sh en b i an SP,0.13 0.1675 0.35 0.1725 0.51 0.13 0.12 0.1 0.17 0.36 0.03 0.01 0.14 0.18 0.06 0.1 0.16 0.34 0.12 0.07 0.265 0.49569
0_dnll_16,n i d e x i ao x i SP,0.26 0.5 0.12 0.15 0.35 0.01 0.06 0.26 0.93 0.2625
0_xy_37,b u g uan b ie r en z en m e x i ang SP,0.12 0.08 0.1 0.1075 0.1225 0.1275 0.0725 0.1175 0.1225 0.32 0.1 0.14 1.18 0.01 0.15 0.890863
0_rgwbsw_25,SP r u g uo v er ie n eng g e ch ang SP,0.358005 0.11 0.11 0.13 0.3075 0.1425 0.03 0.36 0.1 0.17 0.11 0.2 0.26 0.82 0.665468
0_bmbm_8,SP b an m a SP b an m a SP n i l ai z i n an f ang d e SP h ong s e a SP AP SP,0.397415 0.14 0.2 0.38 0.54 0.28 0.07 0.2 0.22 0.67 0.58 0.09 0.07 0.08 0.13 0.12 0.19 0.05 0.29 0.14 0.2 0.05 0.51 0.07 0.11 0.26 0.19 0.11 0.385 0.25 0.43744 0.360317
0_tksjdm_28,SP d ou d eng zh e b ei t a van l i ang SP,0.261769 0.1 0.1975 0.1025 0.2075 0.0825 0.1475 0.1225 0.19 0.16 0.63 0.06 0.08 0.01 0.32 0.35319
0_dy_7,SP uo s ong k ai SP sh i j i an d e sh eng s uo SP AP,0.486145 0.02 0.2 0.23 0.22 0.36 0.23 0.33 0.19 0.18 0.05 0.3025 0.0875 0.22 0.2 0.23 0.26 1.185 0.22 0.63069
0_jtsndsrmm_47,m a m a uo z ai n i d e sh en sh ang SP,0.08 0.14 0.09 0.2175 0.36 0.1425 0.36 0.12 0.54 0.13 0.08 0.16 0.12 0.14 0.295 0.27581
0_hd_32,SP i ou sh i h ou i ou sh i h ou SP,0.19 0.01 0.16 0.21 0.24 0.2 0.96 0.01 0.06 0.26 0.11 0.2 0.45 0.51587
0_tksjdm_26,sh i j ie b en g ai sh i n i SP ch eng sh i d e m u i ang SP,0.23 0.09 0.14 0.1 0.14 0.27 0.1 0.15 0.19 0.21 0.11 0.265 0.225 0.16 0.22 0.34 0.02 0.1 0.22 0.14 0.58 0.02 0.645 0.903821
0_jtsndsrmm_9,SP sh i m a m a n i d e i an l ei AP SP,0.463016 0.17 0.0375 0.1225 0.15 0.11 0.3 0.13 0.53 0.12 0.77 0.01 0.02 0.33 0.905 0.54425 0.260884
0_yltk_37,SP k e uo d e l i x i ang c ai m an m an f u l an SP AP,0.420771 0.11 0.2275 0.16 0.0625 0.1775 0.0925 0.1075 0.2325 0.01 0.01 0.11 0.26 0.1 0.22 0.15 0.33 0.15 0.3 0.13 0.415 0.27 0.32244
0_dnll_5,l u h uo SP p ang d a d u en SP,0.17 0.16 0.16 0.185 0.095 0.27 0.01 0.09 0.18 0.15 0.02 0.46 0.747397
0_jtsndsrmm_36,SP uo SP zh ao d ao l e zh en zh eng d e ai q ing AP SP,0.243469 0.265 0.265 0.15 0.2 0.11 0.3 0.08 0.14 0.17 0.15 0.15 0.27 0.11 0.15 0.64 0.23 0.24 0.37675 0.131111
0_yltk_24,SP o SP i ang g u ang d uo c an l an SP AP SP,0.367755 0.625 0.105 0.01 0.6 0.11 0.03 0.34 0.08 0.18 0.14 0.29 0.16 0.29 0.26 0.29912 0.336213
0_xy_36,SP uo b u g uan x in d uo sh ang b u g uan ai d uo h u ang SP,0.17 0.02 0.14 0.07 0.11 0.12 0.12 0.1075 0.0625 0.13 0.13 0.36 0.08 0.08 0.11 0.18 0.19 0.06 0.1 0.15 0.01 0.28644 0.147687
0_bmbm_1,SP z ai g ei uo k an k an n i SP sh ou sh ang d e u ei b a SP,0.317075 0.11 0.1 0.13 0.4775 0.35 0.1425 0.32 0.11 0.14 0.12 0.26 0.25 0.15 0.23 0.21 0.6 0.11 0.37 0.01 0.02 0.13 0.79 0.567073
0_xy_25,r ang n i f u q i l i ou l ang SP,0.04 0.13 0.1 0.08 0.15 0.07 0.18 0.0975 0.1225 0.01 0.33 0.04 1.38 0.26538
0_xy_47,SP b a n i SP d ai h u ei uo d e sh en SP p ang SP,0.187438 0.07 0.3475 0.1025 0.35 0.42 0.07 0.12 0.11 0.02 0.15 0.16 0.08 0.09 0.16 0.575 0.075 0.06 1.145 0.30681
0_ckyg_10,SP uo i u ei d e i u ang SP,0.180499 0.1675 0.24 0.0225 0.1475 0.0925 0.1775 0.2925 0.02 1.785 0.64381
0_ckyg_22,SP uo i u ei d e i u ang SP AP SP,0.400522 0.1475 0.24 0.0225 0.1775 0.0925 0.1875 0.1925 0.02 2.045 0.175 0.62419 0.298367
0_hd_27,m ei i ou sh en m e h u ei i ong ch u ei b u x i ou AP,0.13 0.2475 0.0125 0.06 0.16 0.07 0.15 0.46 0.17 0.01 0.39 0.01 0.1 0.48 0.01 0.02 0.13 0.06 0.48 0.01 0.0525 0.38662
0_dnll_14,d eng h uo SP h u en h u ang SP b u d ing,0.12 0.15 0.19 0.505 0.815 0.36 0.01 0.02 0.63 0.01 0.31 0.74 0.09 0.14 0.18 2.78887
0_dnll_13,SP i an m ei d i ch u ei SP,0.14 0.02 0.5075 0.0525 0.18 0.19 0.13 0.4 0.01 0.455 0.574851
0_xc_32,c ong c i b u z ai m an ch ang SP,0.07 0.14 0.18 0.4075 0.1325 0.37 0.15 0.17 0.1 0.15 0.21 0.54 0.789489
0_zqc_23,SP q ing ch u en AP l i q SP,0.344218 0.17 0.16 0.5175 0.0125 0.25 0.305 0.065 3.16 0.02725 0.471202
0_ylybd_11,SP d an m ei c i t a zh i l i ou x ia SP j ing h ong i SP p ie d e g an k ai SP,0.193878 0.1 0.07 0.13 0.09 0.12 0.0775 0.0825 0.09 0.14 0.16 0.22 0.01 0.02 0.22 0.21 0.16 0.12 0.09 0.11 0.17 0.14 0.08 0.03 0.08 0.14 0.31 0.12 0.13 0.15 1.08 0.5745
0_xy_41,SP zh ong v ai q ing d e x in i ang SP AP,0.186485 0.07 0.1775 0.2 0.1325 0.15 0.1 0.11 0.31 0.16 0.24 0.02 1.23 0.08 0.47981
0_rgwbsw_26,SP uo i d ing h u ei SP p ei z ai n i sh en SP p ang SP,0.1 0.1775 0.1725 0.12 0.24 0.17 0.02 0.37 0.42 0.14 0.01 0.14 0.15 0.1 0.1 0.17 0.22 0.07 0.05 0.375 0.35381
0_tksjdm_12,SP k an q i l ai d ou i i ang SP,0.05 0.14 0.2475 0.1325 0.13 0.0775 0.17 0.1025 0.32 0.26 0.01 0.47 0.903197
0_zqc_17,SP u ei sh ei x in k u u ei sh ei t i an SP,0.28 0.01 0.03 0.15 0.06 0.16 0.2075 0.1325 0.34 0.01 0.03 0.17 0.07 0.2 0.02 0.74 0.57119
0_hd_7,SP x ve h u ei zh en x i SP t i an zh ang h e d e j i ou AP,0.187778 0.21 0.25 0.2775 0.0125 0.02 0.16 0.31 0.18 0.205 0.295 0.14 0.02 0.3 0.13 0.18 0.14 0.2 0.16 0.58 0.43 0.01 0.035 0.46869
0_tksjdm_15,n i sh i zh an z ai m en uai z u ei g u d an SP d e r en SP,0.12 0.09 0.13 0.06 0.14 0.28 0.12 0.15 0.12 0.29 0.36 0.14 0.01 0.07 0.16 0.44 0.18 0.595 0.055 0.08 0.04 0.19 0.625 0.52413
0_dy_15,SP n ing u ang n i ch en sh u ei d e l u en k uo SP,0.244785 0.13 0.5375 0.0125 0.05 0.24 0.61 0.22 0.27 0.21 0.01 0.27 0.12 0.25 0.22 0.01 0.21 0.2 1.005 0.55662
0_jtsndsrmm_34,SP d i i c i sh uo g ei n i t ing SP,0.14161 0.13 0.01 0.27 0.4075 0.0325 0.18 0.13 0.15 0.42 0.24 0.09 0.19 0.96 0.459288
0_xc_34,SP i b ei j ing m ing t i an i b ei j ing g uo u ang SP,0.420227 0.16 0.12 0.12 0.13 0.11 0.14 0.15 0.17 0.02 0.69 0.46 0.14 0.12 0.15 0.13 0.11 0.45 0.01 0.275 0.46431
0_dnll_7,SP d uo sh ao r en c eng ai n i q ing ch u en h uan ch ang d e sh i ch en SP,0.135646 0.15 0.44 0.19 0.21 0.02 0.53 0.19 0.31 0.52 0.13 0.17 0.19 0.51 0.3 0.01 0.02 0.15 0.5 0.14 0.22 0.09 0.43 0.31 0.04 0.22 0.51 0.86075
0_jtsndsrmm_30,l a SP,0.08 2.81 0.479512
0_hd_0,SP h ai m ei h ao h ao d e g an sh ou SP,0.374626 0.21 0.3775 0.0825 0.26 0.18 0.28 0.13 0.17 0.13 0.23 0.15 0.45 0.19 0.365 0.41737
0_yltk_8,SP sh uo n i d e b i ao i an h ai b u g ou z i r an SP,0.370794 0.19 0.12 0.14 0.13 0.09 0.12 0.1 0.01 0.26 0.02 0.1 0.08 0.24 0.15 0.22 0.14 0.26 0.19 0.33 0.13 0.51 0.76575
0_hd_14,d eng d ao f eng j ing d ou k an t ou SP,0.17 0.3175 0.1125 0.3175 0.1625 0.24 0.18 0.36 0.09 0.15 0.21 0.25 0.17 0.325 1.082835
0_jtsndsrmm_49,zh ong v zh i d ao u ei l e sh en m e SP,0.1 0.2075 0.15 0.1225 0.0875 0.0625 0.04 0.01 0.37 0.06 0.12 0.17 0.1 0.13 0.22 0.16306
0_xc_22,SP h uan x ing uo d e x i ang u ang SP,0.44678 0.14 0.17 0.17 0.2075 0.2225 0.1 0.12 0.65 0.01 0.01 0.02 0.43237 0.131451
0_bmbm_18,b an m a b an m a SP n i sh u ei b a sh u ei b a SP,0.17 0.18 0.28 0.62 0.13 0.34 0.29 0.725 0.405 0.11 0.27 0.96 0.01 0.02 0.11 0.27 0.52 0.01 0.02 0.11 0.385 1.28045
0_hd_37,SP n ing van x van z e l i ou l i an b u f ang sh ou AP SP,0.139819 0.09 0.1775 0.13 0.26 0.0325 0.09 0.1 0.14 0.01 0.25 0.14 0.01 0.32 0.09 0.15 0.18 0.19 0.2 0.45 0.51944 0.344649
0_ylybd_35,SP ve l ai ve b u d ong SP,1.95 0.18 0.3 0.28 0.29 0.21 0.23 0.21 0.315 2.888041
0_yltk_33,SP k e uo d e z i i ou x ing sh i d e SP h uan m an SP,0.264512 0.1 0.2075 0.2 0.0725 0.1175 0.1125 0.33 0.01 0.02 0.15 0.21 0.32 0.11 0.11 0.295 0.055 0.09 0.3 0.17 0.47 0.33487
0_bmbm_20,SP b an m a b an m a SP n i b u i ao SP sh u ei zh ao l a SP,0.203991 0.11 0.2 0.24 0.73 0.17 0.23 0.23 0.555 0.945 0.07 0.04 0.15 0.24 0.02 0.435 0.145 0.37 0.01 0.02 0.11 0.19 0.05 0.455 0.83306
0_yrnsmy_6,n an v sh u d an n an z ai d e sh i SP,0.08 0.3575 0.2425 0.19 0.23 0.13 0.17 0.23 0.27 0.14 0.26 0.14 0.19 0.26 0.075 0.16969
0_xy_9,r ang n i f u q i l i ou l ang SP,0.04 0.15 0.1 0.07 0.15 0.07 0.19 0.08 0.31 0.01 0.02 0.15 1.29 0.534813
0_hd_4,SP h ai m ei g en n i q i an zh uo sh ou SP,0.263243 0.16 0.25 0.2 0.28 0.13 0.13 0.32 0.13 0.38 0.01 0.02 0.16 0.37 0.23 0.34 0.30337
0_xc_36,SP s u ei r an c ong b u x i ang x in s uo u ei sh an g ao sh u ei ch ang AP SP,0.350249 0.12 0.01 0.1275 0.0825 0.17 0.15 0.13 0.11 0.1 0.21 0.01 0.05 0.13 0.11 0.17 0.64 0.01 0.04 0.19 0.39 0.09 0.13 0.16 0.01 0.13 0.16 0.545 0.46 0.254714
0_zqc_13,SP u ei sh ei x in k u u ei sh ei t i an SP,0.708458 0.01 0.05 0.14 0.06 0.16 0.2075 0.1425 0.3 0.01 0.04 0.17 0.08 0.19 0.02 0.625 0.769652
0_hd_20,SP h ai m ei h ao h ao d e g an sh ou SP,0.357007 0.16 0.23 0.2 0.25 0.19 0.26 0.14 0.19 0.11 0.23 0.15 0.47 0.2 0.345 0.666397
0_bmbm_6,n i d e ch eng sh i m ei i ou SP i sh an m en SP u ei uo d a k ai a SP,0.17 0.1 0.09 0.09 0.18 0.27 0.37 0.08 0.15 0.44 0.02 0.335 0.105 0.2 0.21 0.13 0.12 0.46 0.44 0.02 0.44 0.33 0.14 0.2825 0.1975 0.3 0.435 0.74494
0_hd_11,SP m ei i ou sh en m e h u ei i ong ch u ei b u x i ou AP,0.331497 0.12 0.2375 0.0125 0.06 0.16 0.07 0.15 0.44 0.16 0.01 0.41 0.01 0.05 0.5 0.01 0.02 0.16 0.07 0.29 0.01 0.215 0.41087
0_ckyg_15,z u ei u en r ou d e SP ve g SP u ang SP,0.16 0.01 0.2675 0.0225 0.02 0.46 0.71 0.17 1.14 0.45 0.27 0.04 0.16 0.02 2.245 1.318332
0_dnll_21,d ang n i l ao l e SP,0.12 0.26 0.44 0.19 0.11 0.28 0.11 0.9 0.74794
0_dnll_0,SP d ang n i l ao l e SP,0.320635 0.23 0.23 0.4 0.16 0.12 0.3 0.12 0.55 0.35131
0_xc_0,SP d ang n i z ou j in zh e h uan l e ch ang SP,0.295941 0.27 0.31 0.49 0.11 0.15 0.11 0.18 0.34 0.12 0.13 0.19 0.46 0.05 0.36 0.19 0.335 0.595469
0_ylybd_6,SP o d e b u d ao d e j i ou g eng j ia ai SP,0.08 0.33 0.17 0.32 0.14 0.28 0.16 0.29 0.14 0.11 0.17 0.01 0.02 0.13 0.29 0.15 0.4 0.41 0.37063
0_bmbm_19,SP uo b a n i d e q ing c ao d ai h u ei g u x i ang SP,0.23 0.02 0.1 0.14 0.13 0.28 0.14 0.24 0.22 0.28 0.16 0.28 0.16 0.51 0.68 0.01 0.02 0.23 0.26 0.36 0.01 0.535 0.69394
0_zqc_2,d uan z an d e k u ang h uan SP i u ei i sh eng m i an i an SP,0.17 0.25 0.12 0.1 0.1 0.19 0.15 0.03 0.02 0.19 0.745 0.105 0.18 0.02 0.18 0.26 0.16 0.5 0.06 0.01 0.75 0.01 0.8 0.44962
0_dy_23,SP d ao l i ou h SP u ei z u ei ch u d e x i ang SP,0.385034 0.18 0.3175 0.0725 0.02 0.2275 0.1725 0.07 0.01 0.5475 0.4525 0.01 0.02 0.24 0.22 0.15 0.23 0.59 0.02 1.57 0.552074
0_dnll_19,SP t ou f a b ai l e SP,0.181927 0.17 0.43 0.17 0.19 0.14 0.3 0.1 1.18 0.457496
0_xy_29,SP ie x v j ie j v n SP an j i ang SP,0.17 0.02 0.15 0.07 0.14 0.11 0.2 1.26 0.07 0.07 0.32 0.16 0.01 0.635 0.785494
0_zqc_20,f eng l e SP l ei l e SP t ong l e SP,0.17 0.3975 1.3125 1.085 0.395 0.11 1.5475 0.1525 0.65 0.74 0.12 0.3775 1.3425 0.86 0.654428
0_zqc_16,l i ang ch en m ei j ing n ai h e t i an SP,0.09 0.01 0.2175 0.1425 0.0575 0.1325 0.2175 0.1225 0.06 0.13 0.23 0.13 0.07 0.18 0.02 0.69 0.8205
0_jtsndsrmm_39,d ang uo j i ang l in d ao zh e g e sh i sh ang SP,0.11 0.1875 0.17 0.1125 0.03 0.3775 0.0725 0.11 0.1 0.16 0.15 0.57 0.12 0.09 0.22 0.05 0.14 0.275 0.32187
0_ylybd_4,f a x i an uo m ei t ai d uo d e x in q v d eng d ai SP,0.12 0.08 0.14 0.01 0.2075 0.37 0.1325 0.26 0.16 0.33 0.13 0.09 0.1 0.12 0.14 0.23 0.18 0.32 0.1 0.16 0.1 0.97 0.68162
0_hd_15,SP ie x v n i h u ei SP p ei uo k an x i sh u ei SP ch ang l i ou SP,0.320567 0.02 0.17 0.04 0.12 0.13 0.17 0.01 0.47 0.55 0.04 0.01 0.2825 0.1975 0.26 0.2 0.21 0.22 0.01 0.365 0.275 0.19 0.18 0.21 0.02 1.335 0.32475
0_tksjdm_4,SP t u ei k ai SP sh i j ie d e m en SP,0.19771 0.5975 0.0125 0.01 0.19 0.415 0.385 0.87 0.03 0.25 0.32 0.13 0.08 0.13 0.765 0.59838
0_ckyg_32,SP uo n u l i u ei x i ao j i an q i ang,0.21 0.01 0.13 0.3275 0.1025 0.71 0.01 0.03 0.2 0.01 0.05 0.64 0.01 0.02 0.42 0.01 0.08219
0_rgwbsw_12,SP in u ei uo h ai sh i SP uo SP,0.14 0.1275 0.0225 0.3675 0.0225 0.15 0.86 0.79 0.24 0.13 0.675 0.766
0_rgwbsw_20,SP uo d uo x i ang u en q v n i l i an sh ang d e l ei sh u ei AP,0.491995 0.02 0.1 0.14 0.4175 0.0125 0.01 0.02 0.22 0.15 0.23 0.11 0.16 0.08 0.01 0.18 0.17 0.27 0.08 0.23 0.05 0.15 0.32 0.01 0.3 0.36063
0_xy_5,SP p i an i ou x i ang d ao m i u ang SP,0.537211 0.03 0.02 0.2275 0.0125 0.02 0.2975 0.0125 0.01 0.1 0.43 0.15 0.3 0.01 0.835 0.3675
0_xyrp_16,SP sh ei n eng SP p ei uo SP zh i d ao t i an m ing SP AP SP,0.452041 0.19 0.25 0.13 0.275 0.045 0.08 0.29 0.545 0.065 0.15 0.2 0.12 0.62 0.16 0.02 0.29 0.07 0.495 0.17 0.50225 0.2339
0_xy_42,SP uo SP ai n i SP sh i l ai z i l ing h u en SP,0.214286 0.42 0.06 0.4075 0.1525 0.925 0.365 0.23 0.05 0.06 0.13 0.1 0.1 0.08 0.11 0.2 0.01 0.05625 0.387551
0_yltk_36,SP i ang g u ang d uo c an l an SP AP,0.321134 0.01 0.3675 0.15 0.0125 0.2975 0.1025 0.17 0.17 0.26 0.15 0.315 0.11 0.41569
0_ckyg_35,SP z u ei u en r ou d e SP AP SP ve g SP,0.497143 0.16 0.01 0.3375 0.0125 0.02 0.41 0.7 0.16 1.14 0.335 0.15 0.055 0.29 3.65044 0.212222
0_ylybd_23,SP i u ei SP v sh ang l e j i ou h u ei m ing b ai SP,0.1 0.4075 0.0225 0.36 0.1 0.27 0.17 0.36 0.09 0.31 0.22 0.01 0.02 0.12 0.02 0.02 0.18 0.13 0.09 0.165 0.480731
0_xc_21,i b ei j ing ve g u ang SP,0.36 0.15 0.12 0.13 0.2075 0.1925 0.14 0.01 0.37 0.853438
0_xc_19,n i n a q i j i ou b ei d u ei z i j i sh uo SP,0.15 0.14 0.12 0.56 0.19 0.15 0.15 0.03 0.19 0.11 0.35 0.13 0.01 0.14 0.14 0.38 0.15 0.14 0.17 0.46 0.76075
0_bmbm_12,SP b an m a b an m a SP n i h ai j i d e uo m a SP,0.393016 0.08 0.15 0.47 0.82 0.14 0.35 0.1 0.7 0.61 0.1 0.13 0.09 0.13 0.14 0.83 0.09 0.46 0.39 0.09 0.54 0.71856
0_dnll_30,d ang n i l ao l e SP,0.15 0.25 0.4 0.17 0.11 0.27 0.11 0.645 0.26344
0_dy_4,k an h ai t i an i s e SP t ing f eng q i v l uo SP,0.16 0.27 0.16 0.26 0.2 0.02 1.24 0.29 0.2 0.34 0.33 0.12 0.26 0.17 0.22 0.22 0.86 0.69 0.16 0.4 0.27994
0_dy_20,SP k an n i f ei van q v SP k an n i l i uo er q v AP SP,0.152948 0.23 0.26 0.21 0.23 0.2 1.22 0.31 0.2 0.35 0.33 0.1 0.19 0.26 1.15 0.11 0.01 0.62 0.04 0.24 0.35 0.37925 0.35356
0_tksjdm_2,SP p eng zh e i k e b u d ong j i j i ao d e r en zh en SP,0.486508 0.0675 0.0225 0.1 0.1975 0.3925 0.2 0.34 0.19 0.25 0.11 0.12 0.17 0.2 0.44 0.01 0.02 0.1 0.16 0.1 0.23 0.17 0.46 0.508666
0_ylybd_13,c ai SP s an sh i er s u ei d e uo SP,0.29 0.81 0.56 0.14 0.07 0.16 0.06 0.22 0.46 0.01 0.02 0.11 0.43 0.175 0.13056
0_xy_35,SP d uo m e i ong g an d e l i l i ang SP,0.04 0.06 0.1575 0.0325 0.01 0.01 0.3575 0.0625 0.1675 0.0625 0.39 0.09 0.12 0.08 0.01 1.35 0.7759
0_ylybd_32,ai d e j ve d u ei SP ai d e t an b ai SP,0.43 0.11 0.1 0.15 0.31 0.11 0.01 0.19 0.21 0.37 0.11 0.25 0.17 0.33 0.08 0.315 0.33087
0_yltk_14,SP uo zh ong v h ai sh i sh i q v l e SP p an d uan ai ie SP ai SP,0.06 0.1675 0.1125 0.1975 0.1125 0.12 0.1475 0.2225 0.01 0.38 0.07 0.15 0.16 0.12 0.23 0.23 0.03 0.4 0.07 0.15 0.18 0.01 0.11 1.295 0.48124
0_rgwbsw_23,SP b u n eng zh e i ang SP,0.212925 0.08 0.27 0.12 0.22 0.16 0.72 0.05 1.3 0.66474
0_xy_8,SP uo zh i d ao n ei x ie b u g ai sh uo d e h ua SP,0.418662 0.07 0.19 0.08 0.11 0.11 0.08 0.1075 0.1325 0.09 0.16 0.07 0.11 0.12 0.14 0.1 0.09 0.12 0.17 0.43 0.4722
0_jtsndsrmm_7,SP uo i ao SP x i ang n i h u ei sh ou SP g ao b ie u ei h ei AP SP,0.08 0.1875 0.0225 0.21 0.2 0.2175 0.0125 0.02 0.07 0.11 0.67 0.01 0.03 0.18 0.295 0.345 0.09 0.34 0.16 1.45 0.01 0.3 0.01 1.605 0.66613 0.183039
0_yrnsmy_26,SP i r u l i ou t ang i r u n i an sh ao sh i m u i ang AP SP,0.336168 0.61 0.24 0.24 0.28 0.01 0.04 0.19 0.76 0.27 0.16 0.23 0.11 0.01 0.66 0.15 0.26 0.17 0.25 0.13 0.71 0.02 0.375 0.31444 0.25644
0_bmbm_4,SP b an m a SP b an m a SP n i h u ei d ao l e n i d e j ia SP,0.113084 0.11 0.21 0.25 0.42 0.44 0.06 0.17 0.27 0.53 0.66 0.08 0.07 0.46 0.01 0.02 0.11 0.16 0.07 0.11 0.12 0.32 0.1 0.12 0.17 0.485 0.827176
0_rgwbsw_19,k e sh i uo b u n eng zh e i ang AP,0.13 0.11 0.3575 0.0125 0.09 0.15 0.86 0.12 0.33 0.15 0.24 0.02 0.975 0.47206
0_hd_35,SP m ei i ou sh en m e h u ei i ong ch u ei b u x i ou AP,0.44517 0.11 0.2275 0.0125 0.07 0.16 0.07 0.15 0.47 0.46 0.01 0.13 0.01 0.07 0.49 0.01 0.02 0.15 0.05 0.24 0.01 0.29 0.38912
0_tksjdm_5,n i sh i zh an z ai m en uai SP p a ch i d ao SP d e r en SP,0.11 0.08 0.14 0.05 0.14 0.31 0.12 0.12 0.12 0.12 0.575 0.075 0.03 0.07 0.21 0.41 0.15 0.56 0.12 0.08 0.06 0.17 0.755 0.68502
0_xy_15,SP n i zh i d ao m a SP,0.47941 0.08 0.07 0.13 0.3375 0.0825 0.3075 0.1325 1.66 0.936036
0_xc_14,SP s uo i n an b ei d e l u c ong c i b u z ai m an ch ang AP,0.185941 0.11 0.1875 0.1925 0.12 0.17 0.11 0.12 0.12 0.16 0.12 0.1 0.17 0.15 0.19 0.41 0.15 0.35 0.17 0.18 0.11 0.16 0.2 0.505 0.57481
0_hd_19,x i ang s i d e SP ai ch ou SP,0.3875 0.0125 0.03 0.2 0.1775 0.0725 0.24 0.07 0.56 0.27 0.235 0.50819
0_yrnsmy_1,SP z uo r i zh uan i an j i ou d ie zh u ang SP AP,0.440998 0.1 0.27 0.3375 0.0325 0.19 0.68 0.01 0.02 0.33 0.01 0.02 0.14 0.24 0.12 0.01 0.275 0.09 0.28294
0_bmbm_23,SP uo i ao m ai d i ao uo d e f ang z i SP,0.53263 0.2875 0.0125 0.03 0.12 0.33 0.13 0.01 0.44 0.38 0.12 0.24 0.27 0.64 0.19 1.68 0.39063
0_xc_33,SP l ing h u en b u z ai u ch u an SP f ang SP,0.259365 0.13 0.12 0.14 0.01 0.12 0.11 0.11 0.15 0.42 0.05 0.25 0.35 0.085 0.525 0.19 1.6 1.214838
0_rgwbsw_30,SP uo i d ing h u ei SP p ei z ai n i sh en SP p ang SP,0.369116 0.1875 0.1525 0.16 0.2 0.18 0.01 0.385 0.515 0.06 0.02 0.14 0.13 0.1 0.09 0.17 0.225 0.075 0.05 0.35 0.684267
0_jtsndsrmm_26,r u j in uo i zh ang ch eng g e q ing n i an SP,0.1 0.1 0.13 0.2075 0.4725 0.37 0.15 0.3 0.16 0.14 0.07 0.13 0.16 0.11 0.11 0.02 0.285 0.3055
0_bmbm_24,SP l ang j i t i an,0.235057 0.07 0.59 0.18 0.38 0.25 0.02 3.45588
0_xy_17,SP d uo m e j i an g u d e x in i ang SP AP SP,0.229274 0.05 0.1875 0.0525 0.1 0.12 0.05 0.1175 0.0925 0.07 0.11 0.29 0.16 0.24 0.01 1.145 0.075 0.54 0.232206
0_dnll_15,f eng ch u ei g uo l ai SP,0.16 0.5 0.2775 0.0125 0.03 0.14 0.15 0.12 0.795 0.745229
0_dy_0,SP h ai l ang u sh eng j i ang ie m u sh en sh en SP i an m o SP,0.175102 0.23 0.31 0.16 0.44 0.22 0.19 0.28 0.57 0.02 0.01 0.37 0.05 0.25 0.19 0.27 0.18 0.405 0.485 0.05 0.27 0.04 0.425 0.39
0_yrnsmy_27,x i ang b i sh i g eng i ao z ai sh i sh ang SP AP SP,0.17 0.01 0.6575 0.1125 0.22 0.36 0.0825 0.0875 0.98 0.01 0.05 0.14 0.23 0.39 0.39 0.18 0.565 0.225 0.5735 0.222812
0_yltk_11,SP v u ang n an d uo sh an SP,0.201927 0.4475 0.0125 0.3475 0.1225 0.26 0.07 0.2075 0.1925 0.365 0.49569
0_yrnsmy_13,SP h ai i ou g u d u i ao uan k ang SP,0.147188 0.12 0.5975 0.0125 0.02 0.16 0.64 0.17 0.78 0.02 0.96 0.02 0.2 1.105 1.018833
0_ylybd_3,r an er z ai SP uo s an sh i SP er s u ei sh i SP,0.06 0.2875 0.0525 0.13 0.975 0.815 0.02 0.14 0.09 0.15 0.1 0.07 0.3 0.17 0.01 0.25 0.21 0.14 0.11675
0_ylybd_18,SP zh ong l e i ou j ve d e q i g uai SP,0.270476 0.16 0.09 0.1 0.2675 0.0125 0.02 0.16 0.29 0.12 0.31 0.16 0.25 0.16 1.29 0.16269
0_zqc_9,SP r en j i an x i j v SP,0.290295 0.11 0.68 0.24 0.01 0.02 0.18 0.36 0.31 0.555 0.60006
0_xy_19,SP d uo m e i ong g an d e l i l i ang SP AP SP,0.214286 0.07 0.1575 0.0325 0.01 0.01 0.3875 0.0725 0.1875 0.0625 0.38 0.1 0.11 0.1 0.01 1.315 0.105 0.23369 0.197959
0_jtsndsrmm_3,SP u en n uan d e b i uan l i SP,0.18 0.01 0.02 0.28 0.18 0.06 0.09 0.14 0.43 0.48 0.06 1.055 0.38194
0_hd_10,x i ang j v l i k ai d SP ou i ou sh i h ou SP,0.3975 0.0125 0.0375 0.1225 0.1975 0.1025 0.09 0.17 0.75 0.045 0.095 0.41 0.01 0.05 0.19 0.16 0.14 0.29 0.617654
0_bmbm_11,SP sh ei h u ei h e n i sh u ei d ao t i an l i ang SP,0.132494 0.23 0.3 0.4275 0.0125 0.03 0.16 0.33 0.14 0.27 0.71 0.01 0.02 0.11 0.49 0.25 0.02 0.23 0.14 0.01 0.865 0.307
0_bmbm_2,SP uo b u x i ang q v ch u SP p eng n i SP sh ang SP k ou d e b a SP,0.325782 0.02 0.13 0.27 0.42 0.01 0.03 0.2 0.29 0.18 0.105 0.115 0.06 0.27 0.36 0.6 0.41 0.24 0.77 0.06 0.15 0.35 0.11 0.1 0.14 0.345 0.684209
0_dy_13,m an g uo t SP i an k ong j in t ou d e j i ao l uo SP,0.14 0.34 0.11 0.26 0.035 0.395 0.01 0.02 0.15 0.26 0.2 0.28 0.17 0.27 0.12 0.6825 0.3075 0.01 0.36 0.05 0.795 0.464415
0_hd_25,SP uo h u ei x i ang x in i q ie i ou j in t ou AP,0.1 0.14 0.1 0.02 0.05 0.2075 0.0125 0.02 0.15 0.1475 0.2925 0.24 0.57 0.01 0.02 0.18 0.16 0.21 0.43 0.423
0_xyrp_19,SP j i ou d ang z uo sh i zh ong z i uo t ao b i SP,0.220816 0.3575 0.0125 0.02 0.14 0.2275 0.1225 0.2 0.34 0.03 0.16 0.21 0.89 0.01 0.21 0.19 0.47 0.21 0.91 0.79319
0_yltk_18,SP zh e m ei r en g uan n i x i h uan b u x i h uan SP,0.27322 0.12 0.13 0.15 0.03 0.21 0.14 0.1 0.14 0.11 0.08 0.16 0.2 0.14 0.26 0.15 0.23 0.21 0.27 0.15 0.58 0.29456
0_xc_10,SP v sh i k e i b u h u ei t ou d e n i f eng f ei x i ang AP SP,0.06 0.13 0.2275 0.0225 0.15 0.1675 0.2225 0.16 0.11 0.24 0.01 0.02 0.11 0.18 0.13 0.43 0.12 0.36 0.19 0.13 0.14 0.13 0.24 0.01 0.565 0.50513 0.463923
0_ckyg_3,SP g u d u d ao d i SP r ang uo h u en m i SP,0.127846 0.2 0.5 0.15 0.13 0.13 0.22 0.16 0.435 0.705 0.17 0.29 0.4 0.22 0.02 1.76 0.05 1.00806 0.418617
0_xy_49,SP b a n i SP d ai h u ei uo d e sh en SP p SP,0.166712 0.09 0.3675 0.1125 0.42 0.43 0.06 0.18 0.13 0.01 0.25 0.21 0.07 0.15 0.18 0.765 0.115 1.825 0.25425
0_yrnsmy_23,SP z u ei sh i c i k e b u u ang SP,0.345578 0.12 0.01 0.17 0.2975 0.0625 0.38 0.02 0.16 0.2 0.18 0.75 0.02 0.275 0.44331
0_xyrp_23,SP x v i ao f ang x i ang x v i ao i an l ei AP,0.138118 0.16 0.5175 0.0125 0.02 0.18 0.2 0.28 0.01 0.05 0.19 0.71 0.02 0.16 0.01 0.02 0.2 0.215 0.48156
0_xc_4,s an x vn j i ou g uo n i z ai j i ao l uo AP SP,0.19 0.5575 0.1825 0.17 0.26 0.01 0.02 0.16 0.3 0.12 0.13 0.17 0.56 0.16 0.01 0.24 0.08 0.36 0.61575 0.23712
0_ylybd_10,SP i SP u ei v sh ang SP l e j i ou h u ei m ing b ai AP SP,0.04 0.765 0.125 0.01 0.01 0.25 0.17 0.16 0.27 0.05 0.29 0.21 0.01 0.02 0.11 0.02 0.02 0.19 0.13 0.08 0.175 0.26194 0.326871
0_yrnsmy_22,g u sh i i x ie n i an s u ei n an ch ang SP,0.08 0.2 0.2 0.2875 0.3025 0.18 0.22 0.14 0.01 0.26 0.15 0.01 0.29 0.09 0.16 0.15 0.27 0.633602
0_xyrp_21,SP uo i b u c ai l uo z ai h e d e SP,0.481814 0.3075 0.3225 0.13 0.16 0.16 0.34 0.06 0.18 0.18 0.59 0.16 0.23 0.11 1.145 0.69481
0_jtsndsrmm_22,d ang uo j i ang l in d ao zh e g e sh i sh ang SP,0.11 0.1675 0.2 0.1425 0.01 0.3575 0.0725 0.09 0.12 0.14 0.16 0.5 0.12 0.12 0.25 0.05 0.14 0.295 0.29869
0_yltk_10,SP k e uo d e z i i ou x ing sh i d e h uan m an SP AP SP,0.115261 0.11 0.2175 0.18 0.0725 0.1375 0.1225 0.3 0.01 0.02 0.14 0.22 0.22 0.17 0.11 0.3125 0.1275 0.26 0.2 0.545 0.4 0.425 0.04219
0_xc_38,SP i b ei j ing z i i ou i b ei j ing s i u ang SP,0.451905 0.14 0.1 0.12 0.14 0.14 0.32 0.79 0.01 0.01 0.48 0.14 0.13 0.12 0.14 0.25 0.01 0.01 0.67 0.40281
0_hd_33,SP uo h u ei x i ang x in i q ie i ou j in t ou AP,0.09 0.13 0.11 0.02 0.07 0.1975 0.0125 0.02 0.16 0.01 0.39 0.24 0.3 0.01 0.31 0.17 0.16 0.19 0.47 0.423
0_ckyg_18,SP r u g uo b u g ou b ei sh ang SP AP j i ou SP u f a f ei x i ang SP AP,0.137256 0.14 0.1 0.12 0.11 0.14 0.54 0.17 0.5 0.19 0.26 0.2 0.755 0.115 0.15 0.23 0.01 0.34 0.36 0.02 0.17 0.24 0.2 0.15 0.58 0.01 0.14 0.165 0.41981
0_yltk_28,i ang g u ang d uo c an l an SP AP SP,0.01 0.4575 0.1025 0.02 0.3375 0.0925 0.16 0.15 0.31 0.14 0.34 0.145 0.35887 0.201293
0_yrnsmy_4,b o q ing v ch i t an x i ao v u ang SP,0.11 0.19 0.2 0.2475 0.2525 0.24 0.25 0.16 0.22 0.46 0.01 0.01 0.24 0.02 0.345 0.487346
0_hd_31,SP ie x v n i h SP u ei p ei uo k an x i sh u ei AP ch ang l i ou SP,0.14 0.07 0.16 0.05 0.11 0.11 0.665 0.195 0.01 0.1 0.03 0.26 0.28 0.17 0.29 0.2 0.19 0.4 0.02 0.2 0.34 0.17 0.21 0.26 0.01 1.03 1.07228
0_xyrp_27,zh e u sh eng d e ie x i an z ai d e uo SP x v SP i ao r en SP p ei SP,0.18 0.7475 0.0525 0.21 0.31 0.09 0.6 0.02 0.36 0.01 0.03 0.15 0.24 0.12 0.34 0.81 0.36 0.24 0.515 0.375 0.01 0.02 0.14 0.57 0.13 0.07 1.28 2.556531
0_tksjdm_27,n i an sh ao d e q ing k u ang ch i m u d e sh ang SP,0.08 0.02 0.1775 0.1725 0.2 0.1 0.1175 0.1825 0.25 0.12 0.01 0.18 0.17 0.25 0.1 0.21 0.09 0.13 0.17 0.3 0.8066
0_zqc_7,SP j i ao z ong d e x in x ing i i an x i ao vn s an SP,0.268889 0.3475 0.0125 0.03 0.14 0.1 0.11 0.25 0.13 0.05 0.15 0.29 0.21 0.02 0.39 1.25 0.01 0.01 0.25 0.25 1.605 0.55259
0_jtsndsrmm_8,SP n a m e d uo n i an zh i ch eng uo d e SP,0.143288 0.1 0.1175 0.0825 0.1375 0.1025 0.3875 0.0825 0.02 0.36 0.15 0.26 0.19 0.46 0.2 0.1 0.19 0.14831
0_ylybd_34,SP d an m ei c i t a zh i l i ou x ia j ing h ong i SP p ie d e g an k ai SP,0.369524 0.09 0.07 0.14 0.1 0.12 0.0675 0.1125 0.11 0.13 0.09 0.34 0.01 0.02 0.19 0.3 0.12 0.08 0.12 0.17 0.185 0.065 0.03 0.13 0.12 0.33 0.12 0.15 0.17 1.61 0.362986
0_xy_20,SP uo b u g uan x in d uo sh ang b u g uan ai d uo h u ang,0.1 0.07 0.16 0.09 0.11 0.11 0.14 0.0975 0.0625 0.13 0.13 0.32 0.09 0.09 0.11 0.15 0.2 0.07 0.1 0.14 0.02 0.29644
0_ckyg_31,SP van l ai t ang z ai n i sh ou sh ang SP,0.06 0.3675 0.0725 0.1 0.15 0.31 0.16 0.41 0.09 0.12 0.18 0.17 0.19 1.18 0.59644
0_jtsndsrmm_29,SP sh i f ou u ang i an v ch uan SP,0.447279 0.2475 0.0125 0.14 0.4575 0.0125 0.01 0.06 0.16 0.31 0.18 1.67 0.38556
0_jtsndsrmm_43,r u j in uo i zh ang ch eng g e q ing n i an SP,0.08 0.1 0.13 0.2275 0.44 0.3725 0.16 0.29 0.16 0.14 0.1 0.12 0.17 0.1 0.1 0.02 0.285 0.441668
0_yrnsmy_18,SP k u en b ao l i ang c an sh i x ie vn sh ang,0.432925 0.3875 0.0125 0.02 0.09 0.26 0.0775 0.0225 0.29 0.14 0.26 0.17 0.23 0.18 0.25 0.36 0.16 0.27119
0_ckyg_24,SP uo n u l i u ei x i ao j i an q i ang,0.645737 0.01 0.12 0.3575 0.1025 0.68 0.01 0.06 0.23 0.01 0.02 0.17 0.04 0.49 0.15 0.01 0.32863
0_rgwbsw_28,r u g uo uo b u sh i uo SP,0.11 0.08 0.12 0.01 0.4875 0.1625 0.15 0.21 0.24 1.185 0.851991
0_xy_10,SP x SP i ang zh i d ao d uo n i an p SP i ao f u d e sh i g u ang SP AP,0.138662 0.14 0.09 0.01 0.02 0.17 0.06 0.1 0.1 0.12 0.11 0.09 0.01 0.01 0.11 0.21 0.01 0.02 0.13 0.06 0.08 0.12 0.19 0.02 0.25 0.01 0.21 0.095 0.24144
0_jtsndsrmm_17,SP d i i c i sh uo g ei n i t ing SP,0.141633 0.06 0.01 0.3 0.3975 0.0425 0.17 0.14 0.14 0.4 0.26 0.13 0.19 0.925 0.736
0_ckyg_6,SP r u g uo b u g ou b ei sh ang SP j i ou u f a f ei x i ang SP AP SP,0.357166 0.09 0.1 0.11 0.09 0.15 0.67 0.22 0.51 0.2 0.27 0.19 0.635 0.325 0.19 0.03 0.71 0.02 0.17 0.26 0.19 0.16 0.54 0.01 0.11 0.22 0.44769 0.180476
0_tksjdm_1,SP n i sh i zh an z ai m en uai SP p a ch i d ao SP d e r en SP,0.14907 0.15 0.08 0.1775 0.0225 0.14 0.31 0.13 0.15 0.12 0.26 0.42 0.09 0.03 0.07 0.2 0.395 0.135 0.425 0.215 0.07 0.04 0.19 0.94 0.32519
0_yrnsmy_25,j ing j i ch ang van h ua h uan f eng m ang SP,0.13 0.6575 0.1225 0.24 0.42 0.01 0.77 0.17 0.19 0.16 0.26 0.17 0.31 0.44 0.765 0.73462
0_yltk_23,z i d ong x i ao sh i z ai SP r en h ai SP AP SP,0.15 0.1475 0.0825 0.12 0.2275 0.0125 0.02 0.2275 0.0125 0.12 0.35 0.3 0.34 0.59 0.14 0.42 0.1 0.325 0.5875
0_dnll_37,SP uo zh en x i SP u ang SP,0.369977 0.5475 0.1725 0.15 0.2 0.28 0.12 0.02 1.355 0.27619
0_jtsndsrmm_15,m a m a uo h en SP ai n i SP,0.06 0.19 0.1 0.4075 0.6025 0.16 0.375 0.055 0.56 0.14 0.275 0.833187
0_rgwbsw_0,SP r u g uo uo b u sh i uo SP,0.361723 0.2 0.14 0.14 0.05 0.58 0.15 0.17 0.23 0.2 1.19 0.40981
0_rgwbsw_17,SP b ie r ang uo d e sh i j ie an d an u g u ang SP,0.169252 0.09 0.0375 0.1925 0.3475 0.0225 0.12 0.22 0.39 0.03 0.14 0.17 0.49 0.08 0.01 0.61 0.14 0.01 0.595 0.701062
0_xc_26,SP i an d i i ou sh u ang SP,0.352426 0.02 0.4475 0.1025 0.3375 0.0125 0.04 0.17 0.01 0.515 0.73669
0_zqc_1,t a x i g uo d e f a x i ang x in zh ong h uo i an SP,0.18 0.2 0.14 0.03 0.16 0.21 0.11 0.05 0.16 0.2 0.16 0.01 0.02 0.16 0.37 0.2 0.9675 0.1925 0.35 0.02 1.315 0.29819
0_dnll_20,SP sh u ei i SP h u en ch en SP,0.344603 0.22 0.01 0.0575 0.8675 0.515 0.26 0.02 0.54 0.18 1.3 0.739915
0_yrnsmy_17,h ou l ai t a x i ang j i g u x i ang SP,0.1 0.21 0.15 0.2 0.15 0.23 0.39 0.01 0.05 0.14 0.23 0.15 0.2 0.37 0.01 0.095 0.35688
0_ylybd_16,r an er ai SP z ong sh i l uan l e j ie SP p ai SP,0.05 1.22 0.01 0.095 0.635 0.14 0.09 0.16 0.11 0.05 0.21 0.06 0.29 0.17 0.33 0.06 0.04 0.3435 0.216621
0_ckyg_26,SP ie d i b u g uo ie l i SP,0.576417 0.02 0.11 0.12 0.11 0.09 0.13 0.1375 0.2725 0.08 2.06 0.59775
0_tksjdm_0,SP t u ei k ai SP sh i j ie d e m en SP,0.125 0.105 0.01 0.4475 0.1525 0.29 0.42 0.39 0.48 0.26 0.3 0.14 0.08 0.14 0.615 0.36394
0_ylybd_17,SP uo zh i n eng g ou x ia c ai ie x v n eng zh ong l e t ou c ai SP,0.08 0.11 0.14 0.1075 0.0425 0.16 0.08 0.07 0.16 0.26 0.18 0.32 0.2 0.16 0.06 0.11 0.32 0.14 0.2 0.1 0.03 0.12 0.1 0.18 0.715 1.320666
0_tksjdm_23,van l ai n i j i ou sh i uo SP z ou sh i d e d i f ang SP,0.1975 0.0925 0.11 0.1 0.24 0.17 0.01 0.12 0.53 0.01 0.32 0.22 0.12 0.22 0.18 0.13 0.11 0.29 0.13 0.43 0.18 1.43 0.23281
0_ylybd_14,SP s u ei r an i g e r en g uo ie g uo d e g ou j ing c ai SP,0.465374 0.1875 0.0125 0.02 0.11 0.1875 0.1225 0.11 0.03 0.21 0.35 0.14 0.53 0.02 0.12 0.09 0.12 0.3325 0.0875 0.31 0.12 0.1 0.16 0.665 1.130978
0_xc_40,h ao b a t i an l i ang zh i h ou z ong sh i l i ao c ao l i ch ang AP,0.07 0.15 0.11 0.16 0.16 0.02 0.35 0.01 0.01 0.02 0.21 0.04 0.13 0.14 0.13 0.13 0.2 0.45 0.35 0.01 0.03 0.19 0.18 0.1 0.12 0.16 0.55 0.51044
0_xc_39,SP k uan sh u uo d e p SP ing f an q v s an l e m i u ang SP,0.421156 0.12 0.14 0.15 0.1575 0.2225 0.1 0.13 0.03 0.15 0.4 0.13 0.37 0.18 0.12 0.14 0.17 0.05 0.16 0.11 0.19 0.02 0.29 0.525618
0_yltk_38,SP sh eng h uo d uo j i an n an SP AP,0.362948 0.19 0.3375 0.1425 0.3175 0.1125 0.19 0.15 0.03 0.29 0.11 0.37 0.18 0.25031
0_ylybd_19,SP d SP e SP b u d ao d e j i ou g eng j ia ai AP SP,0.40805 0.26 1.34 0.385 0.435 0.11 0.31 0.15 0.31 0.13 0.11 0.18 0.01 0.02 0.12 0.29 0.15 0.38 0.49 0.39281 0.261043
0_ylybd_29,SP o d e b u d ao d e j i ou g eng j ia ai AP,0.04 0.37 0.16 0.3 0.13 0.31 0.15 0.3 0.12 0.11 0.18 0.01 0.02 0.12 0.29 0.15 0.42 0.445 0.36888
0_xy_27,sh i f ou n i ie x i ang j ia SP AP,0.2675 0.0125 0.13 0.12 0.11 0.42 0.24 0.38 0.01 0.03 0.17 1.315 0.26 0.48244
0_dy_1,m an g uo t SP i an k ong j in t ou d e SP j i ao l uo SP,0.17 0.34 0.12 0.22 0.045 0.405 0.01 0.02 0.16 0.25 0.19 0.3 0.16 0.29 0.12 0.29 0.3 0.38 0.01 0.14 0.08 0.525 0.657773
0_yrnsmy_28,SP d uo sh ao l i ang b ao sh i t ai k e d ong d ang AP,0.428231 0.09 0.26 0.16 0.23 0.1175 0.0225 0.72 0.13 0.62 0.18 0.57 0.18 0.62 0.18 0.65 0.13 0.26 0.1 0.61 0.50906
0_dy_19,SP uo s ong k ai sh i j i an d e sh eng s uo SP,0.36 0.02 0.21 0.25 0.19 0.5975 0.3125 0.19 0.17 0.05 0.33 0.08 0.21 0.19 0.22 0.22 0.92 1.01327
0_ckyg_33,SP j i m o AP zh u ch eng i d ao u ei q i ang SP,0.319456 0.13 0.13 0.11 0.24 0.3175 0.1125 0.27 0.19 0.36 0.19 0.12 0.57 0.02 0.21 0.15 0.01 0.19 0.18625
0_zqc_22,x i ao l e SP j i ao l e SP z ou l e SP,1.78 0.01 0.02 0.13 0.845 0.655 0.16 0.01 0.52 1.14 0.61 0.68 0.21 1.5175 0.1325 0.4 0.3055
0_ckyg_29,SP k e uo SP b u c eng j i an g uo h ai i ang SP,0.368617 0.1 0.2875 0.2975 0.295 0.07 0.26 0.18 0.33 0.12 0.04 0.37 0.07 0.1 0.17 0.36 0.02 0.225 0.567917
0_yltk_35,SP uo zh ong v h ai sh i sh i q v l e p SP an d uan ai ie ai AP SP,0.08 0.1575 0.1225 0.2075 0.1025 0.11 0.1675 0.2025 0.01 0.37 0.09 0.15 0.19 0.07 0.13 0.105 0.205 0.41 0.08 0.11 0.28 0.08 1.33 0.32519 0.385737
0_zqc_12,SP l i ang ch en m ei j ing n ai h e t i an SP,0.10356 0.13 0.01 0.2075 0.1425 0.0375 0.1525 0.2075 0.1025 0.06 0.13 0.21 0.14 0.06 0.2 0.02 0.395 1.42706
0_dnll_8,ai m u n i d e m ei l i SP,0.26 0.18 0.52 0.12 0.14 0.13 0.49 0.15 0.21 0.13 0.4 0.45119
0_jtsndsrmm_23,n i z ai sh en SP p ang p SP i j van i ou an x i ang AP,0.09 0.11 0.12 0.2575 0.1825 0.58 0.07 0.05 0.23 0.11 0.15 0.28 0.14 0.18 0.02 0.19 0.41 0.26 0.01 0.205 0.51137
0_xy_44,z ai i ao van d e d i f ang n i sh i f ou i i ang,0.16 0.4075 0.0125 0.01 0.1275 0.0725 0.1175 0.0625 0.11 0.15 0.34 0.06 0.09 0.18 0.02 0.14 0.19 0.2 0.02 0.33963
0_dnll_29,SP ai n i c ang l ao d e l i an sh ang d e zh ou u en SP,0.259796 0.29 0.17 0.45 0.19 0.15 0.16 0.48 0.12 0.26 0.09 0.02 0.43 0.19 0.22 0.12 0.45 0.22 0.41 0.01 0.63 0.671832
0_zqc_15,SP q ve b ie i ou d ong t i an SP,0.443673 0.2 0.19 0.14 1.19 0.01 0.02 0.15 0.38 0.2 0.02 0.695 0.706
0_yrnsmy_11,SP m i j i j v ai r en l i ou m i an zh ang SP AP,0.430136 0.13 0.58 0.17 0.24 0.15 0.31 0.73 0.13 0.18 0.15 0.01 0.36 0.05 0.01 0.64 0.18 0.62 0.195 0.64494
0_jtsndsrmm_56,g e ch ang SP uo SP ai n SP,0.07 0.2375 0.2125 1.365 0.995 0.91 0.1 0.8 4.0 0.15681
0_bmbm_9,SP sh i f ou ie sh i g e d ong r en SP d e g u sh i a SP,0.212812 0.2575 0.0125 0.12 0.2175 0.2725 0.19 0.1 0.12 0.5 0.14 0.38 0.07 0.525 0.045 0.07 0.12 0.14 0.25 0.23 0.37 0.76944 0.269751
0_dy_12,SP h ai l ang u sh eng j i ang ie m u sh en sh en SP i an m o SP,0.1661 0.2 0.24 0.15 0.5 0.08 0.2 0.26 0.52 0.02 0.01 0.39 0.05 0.24 0.2 0.28 0.18 0.605 0.465 0.01 0.34 0.05 0.645 0.68088
0_rgwbsw_4,r u g uo uo b u sh i uo SP,0.1 0.11 0.12 0.01 0.4875 0.1525 0.16 0.2 0.25 1.275 0.760612
0_dnll_38,SP zh e sh ou SP g e sh i SP ch ang g ei n i SP d SP,0.227143 0.19 0.16 0.17 0.545 0.465 0.11 0.2 0.28 0.495 0.135 0.22 0.25 0.11 0.15 0.15 0.1 0.13 2.465 0.512327
0_rgwbsw_14,SP s uo i uo zh i n eng SP van van u ang zh e n i SP,0.197619 0.17 0.1975 0.25 0.1525 0.17 0.18 0.09 0.36 0.67 0.03 0.54 0.01 0.01 0.16 0.21 0.12 0.245 0.971183
0_bmbm_10,n i g e b i d e x i z i SP r u g uo b u n eng l i ou x ia SP AP,0.22 0.09 0.15 0.35 0.17 1.1 0.08 0.12 0.17 0.35 0.13 0.42 0.43 0.08 0.11 0.12 0.12 0.15 0.82 0.1 0.29 0.16 0.01 0.26 0.17 0.4 0.295 0.37969
0_xy_45,SP t ing j i an uo d e h u h an SP,0.160454 0.13 0.09 0.12 0.05 0.1575 0.12 0.0725 0.11 0.15 0.28 0.16 1.21 0.565864
0_rgwbsw_8,b ie n an g uo uo q in ai d e g u n i ang SP,0.14 0.1 0.13 0.17 0.12 0.78 0.1 0.17 0.13 0.24 0.1 0.14 0.13 0.38 0.12 0.02 0.51 0.498453
0_jtsndsrmm_1,SP m a m a uo h en x i ang n i SP,0.396304 0.09 0.1875 0.1025 0.3675 0.6525 0.16 0.28 0.74 0.01 0.01 0.13 0.27 0.27406
0_tksjdm_8,SP z uo sh ou d e n i ia i ou sh ou d e n i ia SP,0.381111 0.15 0.23 0.14 0.2 0.09 0.1475 0.1025 0.61 0.01 0.02 0.22 0.19 0.29 0.09 0.15 0.09 0.31 0.37337 0.141814
0_dy_14,SP d a v z ai m eng j ing d e f eng x i l i SP i ou g uo SP AP SP,0.303401 0.11 0.4175 0.2425 0.17 0.28 0.15 0.27 0.14 0.34 0.09 0.27 0.19 0.23 0.22 0.32 0.12 0.705 0.585 0.01 0.02 0.17 0.54 0.22 0.64519 0.180249
0_xy_34,SP uo SP ai n i SP AP sh i d uo m e u en n uan,0.06 0.37 0.06 0.3875 0.1225 0.85 0.135 0.275 0.2 0.06 0.09 0.15 0.06 0.04 0.01 0.27 0.09 0.13694
0_xy_39,b a uo SP d ai d ao n i d e sh en SP p ang SP,0.09 0.4075 0.3875 0.435 0.06 0.14 0.07 0.16 0.06 0.08 0.09 0.11 0.16 0.575 0.095 0.06 1.115 1.01191
0_jtsndsrmm_13,b an s u ei zh e g e sh eng SP p i ao x i ang van f ang SP,0.15 0.11 0.14 0.01 0.1375 0.1025 0.3275 0.1125 0.3 0.16 0.315 0.115 0.03 0.01 0.28 0.6 0.01 0.01 0.32 0.17 1.875 0.958942
0_xy_6,SP sh i sh ei r ang uo x in s uan sh ei r ang uo q i an g ua,0.26737 0.16 0.06 0.17 0.1275 0.0725 0.01 0.2775 0.1425 0.07 0.17 0.27 0.16 0.11 0.1 0.22 0.07 0.17 0.01 0.14 0.08 0.21963
0_xc_18,SP u ei zh u ang zh e u d ao zh e p SP i b ei zh e SP,0.523673 0.01 0.02 0.13 0.02 0.1775 0.1125 0.44 0.15 0.11 0.16 0.12 0.13 0.03 0.13 0.13 0.14 0.5 0.13 0.475 0.387
0_xc_16,SP z ao d ong b u an d e z uo sh ang k e SP,0.369569 0.22 0.6575 0.1125 0.17 0.12 0.22 0.47 0.08 0.13 0.17 0.3 0.21 0.19 0.14 0.49 0.66219
0_ylybd_5,t a sh i q v m ou zh ong s e c ai SP,0.12 0.05 0.17 0.0475 0.1525 0.05 0.15 0.26 0.16 0.3 0.17 0.22 0.21 1.175 0.94462
0_zqc_0,t a b u j i d e l i an x i ang t i an s e j i ang uan SP,0.24 0.22 0.12 0.03 0.13 0.23 0.09 0.11 0.08 0.01 0.17 0.24 0.01 0.02 0.15 0.02 0.39 0.15 1.18 0.44 0.01 0.01 0.615 0.491386
0_xyrp_11,SP uo i j ing u n eng u ei l i,0.08 0.2775 0.3525 0.14 0.58 0.03 0.1 0.34 0.01 0.32 0.09 0.28069
0_yltk_26,SP o v u ang n an d uo sh an SP AP,0.56 0.2275 0.3825 0.02 0.4 0.11 0.23 0.06 0.23 0.19 0.435 0.13 0.29906
0_rgwbsw_31,SP b u r ang n i sh ou sh ang SP,0.320703 0.16 0.08 0.1 0.18 0.09 0.1 0.16 0.46 0.23 1.585 0.31481
0_xyrp_3,x i ang k ong u i r en i i ang h ua l i SP,0.4175 0.0125 0.0375 0.1525 0.6 0.01 0.25 0.12 0.29 0.43 0.01 0.205 0.195 0.37 0.07 0.72 0.568176
0_jtsndsrmm_32,m a m a uo h en SP ai n i SP,0.07 0.16 0.1 0.4175 0.6125 0.15 0.355 0.055 0.55 0.15 0.265 0.48526
0_xy_28,SP r u g uo d ang sh i u en n i d ang sh i b ao n i AP SP,0.229705 0.08 0.09 0.11 0.09 0.1 0.12 0.15 0.28 0.01 0.02 0.29 0.27 0.16 0.12 0.15 0.07 0.12 0.15 0.13 0.25 0.25863 0.147937
0_hd_17,SP ao ch eng ch an m i an d e sh ang k ou SP,0.05 0.32 0.22 0.24 0.19 0.2 0.24 0.02 0.19 0.08 0.2 0.19 0.49 0.16 0.38 0.38269
0_ylybd_30,SP t ai r ong i l ai d e SP j i ou b u l i c ai,0.154807 0.13 0.32 0.1 0.1575 0.1525 0.11 0.32 0.11 0.105 0.225 0.38 0.01 0.02 0.17 0.12 0.07 0.09 0.17 0.25863
0_hd_9,SP uo h u ei x i ang x in i q ie i ou j in t ou SP,0.1 0.15 0.14 0.02 0.05 0.2075 0.0125 0.02 0.17 0.01 0.41 0.24 0.28 0.01 0.32 0.18 0.2025 0.1275 0.36 0.878374
0_yrnsmy_19,z ao ch u en i q v i ou r u ch ang SP,0.11 0.23 0.4675 0.0125 0.01 0.3 0.19 0.64 0.01 0.02 0.15 0.21 0.16 0.3 0.692543
0_dy_16,SP k an h ai t i an i s e SP t ing f eng q i v l uo AP,0.434376 0.13 0.28 0.17 0.23 0.21 0.02 1.18 0.32 0.22 0.405 0.265 0.1 0.28 0.17 0.23 0.2 0.79 0.77 0.15 0.455 0.2285
0_xyrp_4,SP uo SP j i an j i an sh i q v zh i j ve SP,0.542562 0.745 0.345 0.17 0.04 0.24 0.27 0.01 0.02 0.18 0.18 0.2 0.91 0.18 0.17 0.19 0.355 0.838505
0_tksjdm_18,SP z uo sh ou d e n i ia i ou sh ou d e n i ia SP,0.462789 0.17 0.23 0.17 0.19 0.1 0.1375 0.1025 0.63 0.01 0.02 0.18 0.18 0.3 0.1 0.17 0.1 0.6 0.11625 0.106825
0_xc_9,SP h uan x ing uo d e x i ang u ang u en r ou l e h an ch u ang SP,0.48288 0.16 0.15 0.15 0.1975 0.23 0.0825 0.12 0.64 0.01 0.56 0.02 0.01 0.02 0.02 0.19 0.17 0.09 0.16 0.13 0.14 0.15 0.01 0.215 0.29919
0_yrnsmy_5,SP sh i j ing l eng i an m ei q i an ch ang AP,0.08 0.3075 0.0325 0.15 0.13 0.0675 0.5025 0.02 0.29 0.1 0.2 0.18 0.01 0.24 0.14 0.26 0.49438
0_hd_26,SP x i ang j v l i k ai d ou i ou sh i h ou SP,0.35907 0.4275 0.0125 0.02 0.13 0.24 0.04 0.11 0.19 0.75 0.12 0.32 0.02 0.09 0.18 0.13 0.16 0.315 0.41381
0_dy_11,d ao l i ou j in SP t i an k ong d e h ai d i SP,0.21 0.3475 0.0825 0.01 0.2475 0.2425 0.42 0.28 0.2 0.02 0.29 0.14 0.29 0.13 0.24 0.17 0.27 0.17 1.55 0.14675
0_rgwbsw_32,r u g uo uo SP b u sh i SP uo SP,0.11 0.24 0.24 0.5 0.68 0.44 0.08 0.29 0.23 0.275 0.105 0.53 0.41319
0_zqc_21,SP r en j i an x i j v SP,0.140816 0.12 0.66 0.24 0.01 0.02 0.18 0.34 0.24 0.605 0.23212
0_bmbm_15,SP uo h u ei b ei sh ang j i t a l i k ai b ei f ang SP,0.389887 0.13 0.2075 0.0125 0.02 0.14 0.28 0.18 0.33 0.15 0.32 0.12 0.33 0.18 0.49 0.18 0.5 0.2 0.26 0.21 0.705 0.678112
0_ylybd_1,SP h u ei x i ang q i d ang sh i d uo m e x i ang t an l i an ai SP,0.3322 0.15 0.02 0.05 0.1975 0.0125 0.02 0.15 0.28 0.11 0.26 0.45 0.03 0.15 0.11 0.09 0.1 0.4 0.01 0.02 0.16 0.16 0.25 0.01 0.22 0.685 0.3865
0_dy_2,SP d a v z ai m eng j ing d e f eng x i l i SP i ou g uo SP,0.140113 0.18 0.4675 0.2625 0.18 0.27 0.14 0.32 0.13 0.31 0.09 0.26 0.19 0.22 0.19 0.38 0.06 0.47 0.67 0.01 0.02 0.21 0.325 0.695346
0_dnll_18,SP d ang n i l ao l e SP,0.263923 0.21 0.27 0.41 0.19 0.1 0.29 0.1 0.965 1.0694
0_xy_23,b a uo SP d ai d ao n i d e sh en p ang SP,0.06 0.3775 0.4325 0.4 0.06 0.16 0.07 0.14 0.06 0.08 0.09 0.13 0.15 0.65 0.03 1.28 0.683
0_bmbm_7,SP uo zh ong j i ou h ai i ao h u ei d ao SP l u sh ang SP,0.398095 0.1 0.17 0.3175 0.1225 0.03 0.27 0.17 0.72 0.01 0.02 0.18 0.01 0.585 0.125 0.5 0.2 0.06 0.23 0.2 0.6 0.30875
0_ckyg_12,SP uo n u l i u ei x i ao j i an q i ang,0.27 0.01 0.12 0.3375 0.1025 0.54 0.01 0.17 0.23 0.01 0.02 0.15 0.04 0.5 0.15 0.01 0.32538
0_tksjdm_14,t u ei k ai SP sh i j ie d e m en SP,0.5975 0.0125 0.03 0.21 0.395 0.365 0.88 0.02 0.25 0.32 0.12 0.08 0.14 0.78 0.51369
0_jtsndsrmm_37,t a d e m u i ang j i ou x SP i ang SP,0.12 0.09 0.1 0.08 0.16 0.56 0.01 0.02 0.32 0.01 0.02 0.495 0.275 0.01 0.02881 0.148277
0_jtsndsrmm_24,SP t ing j i an b a b a d u ei n i sh uo SP,0.220522 0.12 0.09 0.15 0.04 0.1175 0.0725 0.14 0.05 0.1475 0.0925 0.01 0.13 0.06 0.12 0.17 0.32 0.23663
0_yltk_17,SP l ai b u j i sh i f ang q ing g an SP,0.491451 0.12 0.42 0.26 0.1 0.13 0.08 0.21 0.02 0.15 0.13 0.16 0.35 0.09 0.33425 0.409819
0_dnll_36,SP d ang uo l ao l e SP,0.275034 0.14 0.5975 0.3425 0.04 0.26 0.11 1.225 1.271671
0_ylybd_21,SP q i sh i AP sh ei b u x SP i ang v j i an zh en ai SP,0.244308 0.16 0.09 0.1975 0.1325 0.2875 0.1625 0.29 0.14 0.22 0.575 0.085 0.01 0.01 0.3 0.13 0.04 0.1 0.12 0.41 0.25 0.543164
0_ckyg_14,SP ie d i b u g uo ie l i SP,0.16 0.02 0.11 0.1 0.12 0.08 0.13 0.1375 0.2525 0.1 2.02 0.651586
0_xyrp_7,SP uo ie b u c ai l uo z ai h e d e SP,0.27322 0.5075 0.0425 0.13 0.17 0.19 0.29 0.06 0.2 0.19 0.53 0.18 0.24 0.11 1.13 1.16654
0_xyrp_15,SP zh e sh u ang r en ch u ang q i an q ve SP d e u en x in SP,0.451247 0.17 0.19 0.19 0.02 0.2175 0.1225 0.23 0.16 0.02 0.17 0.18 0.06 0.16 0.18 0.575 0.115 0.07 0.78 0.01 0.02 0.23 0.5 0.767515
0_jtsndsrmm_35,SP m a m a uo SP g ao s u n i SP,0.374739 0.16 0.31 0.14 0.44 0.33 0.05 0.08 0.18 0.21 0.19 0.13 0.33425 0.164921
0_jtsndsrmm_10,SP n i d e h uai b ao sh i u en n uan d e h ai i ang h ei SP AP SP,0.493469 0.24 0.12 0.1 0.1375 0.1425 0.33 0.1 0.13 0.53 0.01 0.01 0.02 0.22 0.41 0.08 0.15 0.14 0.62 0.02 1.96 0.01 1.125 0.165 0.86944 0.283628
0_tksjdm_16,SP p eng zh e i k e b u d ong j i j i ao d e r en zh en SP,0.14 0.07 0.02 0.12 0.1775 0.4525 0.18 0.3 0.16 0.29 0.12 0.12 0.17 0.21 0.45 0.01 0.02 0.11 0.15 0.1 0.26 0.16 0.505 0.53481
0_hd_24,SP i ou sh i h ou i ou sh i h ou SP,0.499252 0.02 0.23 0.2 0.24 0.2 0.96 0.01 0.09 0.24 0.12 0.16 0.43 0.53269
0_tksjdm_19,zh i j i d e h ua i sh ang SP AP SP,0.14 0.2175 0.1225 0.2 0.1 0.1375 0.1425 0.36 0.13 0.15 0.415 0.185 0.18456 0.458844
0_ylybd_0,SP z ai SP uo er sh i er s u ei sh i SP,0.562959 0.175 0.875 0.455 0.1525 0.1575 0.13 0.0425 0.4275 0.41 0.01 0.03 0.21 0.04 0.24981
0_xy_48,SP ai sh i i zh ong x in i ang SP,0.222744 0.3 0.17 0.01 0.22 0.15 0.12 0.21 0.51 0.01 0.425 0.406
0_dnll_3,d ang n i l ao l e SP,0.14 0.25 0.43 0.15 0.12 0.28 0.1 0.68 0.35781
0_dnll_26,SP ai m u n i d e m ei l i SP,0.165828 0.32 0.18 0.5 0.11 0.15 0.12 0.56 0.13 0.21 0.12 0.385 0.748208
0_rgwbsw_22,SP k e sh i uo b u n eng zh e i ang SP,0.14229 0.12 0.1 0.3075 0.0125 0.2075 0.1325 0.84 0.14 0.34 0.15 0.29 0.01 0.455 0.378
0_dnll_27,j ia i h uo zh en x in SP,0.18 0.2375 0.2125 0.16 0.15 0.14 0.16 0.19 2.6 0.70688
0_jtsndsrmm_0,SP j in t i an sh i n i d e sh eng r i SP,0.383481 0.175 0.32 0.17 0.02 0.35 0.4 0.06 0.13 0.17 0.11 0.2 0.2 0.28 0.16 0.2 0.811964
0_dnll_11,ai n i c ang l ao d e l i an sh ang d e zh ou u en SP,0.36 0.17 0.44 0.18 0.23 0.06 0.52 0.12 0.2 0.52 0.01 0.04 0.21 0.21 0.12 0.49 0.21 0.3 0.01 0.495 0.30631
0_jtsndsrmm_53,d ou z ai uo d e x in zh ong i ong van SP b u h u ei l ao q v SP,0.1 0.08 0.12 0.2475 0.13 0.0825 0.14 0.11 0.14 0.1 0.3 0.01 0.14 0.55 0.11 0.1 0.13 0.18 0.01 0.02 0.12 0.33 0.21 2.45 0.24331
0_dnll_24,SP h u ei i q ing ch u en SP,0.408594 0.19 0.02 0.0675 0.3825 0.24 0.49 0.24 0.01 0.83 0.855786
0_ylybd_12,SP uo SP ve l ai ve b u d ong ai SP h ai,0.55 0.995 0.455 0.16 0.14 0.55 0.18 0.14 0.27 0.18 0.47 1.49 0.38 0.07 4.37256
0_xy_30,SP uo n a m e d uo i h an n a m e d uo q i p an SP,0.05 0.1675 0.0825 0.1375 0.0725 0.1 0.12 0.1675 0.1725 0.13 0.36 0.05 0.14 0.06 0.09 0.11 0.12 0.12 0.15 0.03 0.17069 0.447868
0_yltk_30,SP o sh eng h uo d uo j i an n an SP,0.3039 0.7275 0.1625 0.32 0.12 0.36 0.11 0.19 0.15 0.03 0.25 0.13 0.355 0.46194
0_tksjdm_29,SP van l ai n i j i ou sh i uo SP sh u z u ei d e k e SP,0.13 0.1275 0.0525 0.11 0.11 0.24 0.2275 0.0125 0.03 0.2 0.32 0.27 0.09 0.28 0.24 0.15 0.01 0.18 0.07 0.265 0.175 1.445 0.255778
0_yrnsmy_24,SP i r u sh an u ang i r u n i an sh ao sh i m u i ang AP,0.1 0.68 0.17 0.16 0.19 0.33 0.02 0.82 0.29 0.16 0.24 0.1 0.01 0.67 0.13 0.23 0.25 0.18 0.14 0.69 0.02 0.33 0.38263
0_bmbm_3,SP uo zh i x i ang x i an q i n i d e SP t ou f a,0.11 0.11 0.19 0.2775 0.3925 0.01 0.02 0.49 0.01 0.02 0.16 0.11 0.13 0.48 0.14 0.465 0.395 0.12 0.27 0.21 1.16094
0_ckyg_17,s uo i ou d e m i an m u SP uo d ou b u k ang j v SP AP SP,0.23 0.7075 0.0125 0.02 0.12 0.15 0.12 0.02 0.22 0.15 0.56 0.78 0.02 0.13 0.24 0.13 0.13 0.2 0.39 0.18 2.235 0.11 0.34319 0.326122
0_jtsndsrmm_25,sh i g e n an h ai SP,0.13 0.11 0.12 0.34 0.11 0.31 0.14 3.385 0.76525
0_yrnsmy_16,h ou l ai b en m ang h ou l ai sh i u ang,0.28 0.24 0.14 0.22 0.16 0.09 0.29 0.26 0.17 0.26 0.13 0.21 0.21 0.24 0.01 0.45694
0_rgwbsw_1,SP r u g uo v er ie n eng g e ch ang SP,0.472109 0.09 0.09 0.13 0.3175 0.1925 0.09 0.22 0.1 0.16 0.12 0.2 0.27 0.59 0.3325
0_dnll_34,n i d e x i ao x i SP,0.12 0.51 0.11 0.14 0.36 0.01 0.02 0.25 0.855 0.31856
0_yrnsmy_12,SP d uo sh ao l i ang b ao sh i t ai k e d ong d ang AP SP,0.202585 0.09 0.24 0.16 0.23 0.1175 0.0225 0.72 0.11 0.6 0.18 0.61 0.19 0.62 0.16 0.63 0.12 0.3 0.09 0.545 0.53444 0.107483
0_xyrp_30,SP g eng x v i ao i g e r en l ai d i an l i ang t i an d e SP h ei SP AP SP,0.369796 0.1 0.17 0.2 0.66 0.02 0.01 0.29 0.11 0.24 0.12 0.15 0.23 0.22 0.15 0.05 0.22 0.31 0.01 0.01 0.14 0.02 0.28 0.07 0.255 0.395 0.07 0.72 0.115 0.58612 0.376372
0_yrnsmy_29,SP h ai i ou g u d u i ao uan k ang SP,0.305828 0.12 0.6175 0.0125 0.02 0.16 0.65 0.15 0.72 0.02 1.02 0.02 0.17 1.06 0.59485
0_dnll_4,SP z ou b u d ong l e SP,0.306848 0.16 0.56 0.14 0.17 0.12 0.25 0.16 1.035 0.990534
0_tksjdm_25,zh i j i d e h ua i sh ang SP,0.13 0.2275 0.1325 0.14 0.1 0.11 0.16 0.34 0.15 0.15 0.355 1.035816
0_ckyg_21,SP k e uo SP b u c eng j i an g uo h ai i ang SP,0.474785 0.11 0.2775 0.2775 0.295 0.08 0.27 0.19 0.3 0.13 0.05 0.38 0.07 0.11 0.15 0.34 0.01 0.24 0.561753
0_yltk_31,z ai j i an l e uo d e ch ong d ong h e l ang m an ai ie ai SP AP SP,0.13 0.1675 0.1025 0.01 0.1375 0.1125 0.1575 0.2125 0.06 0.11 0.14 0.35 0.1 0.18 0.09 0.26 0.25 0.29 0.16 0.65 0.15 0.11 0.85 0.565 0.48325 0.438163
0_rgwbsw_29,r u g uo sh u m u ie n eng f ei x i ang SP,0.16 0.1 0.11 0.12 0.17 0.13 0.11 0.17 0.23 0.11 0.14 0.16 0.18 0.39 0.01 0.405 0.34688
0_ckyg_20,SP uo i zh i d ou z ai l i ou l ang SP,0.08 0.2375 0.35 0.1425 0.32 0.11 0.34 0.13 0.17 0.1 0.02 0.54 0.1 0.37863 0.425011
0_yltk_12,SP uo zh ong v h ai sh i sh i q v l e p SP an d uan ai AP SP ie ai i ang g u ang d uo c an l an SP k e uo d e l i x i ang c ai m an m an f u l an SP,0.07 0.1475 0.1125 0.2375 0.1125 0.1 0.1575 0.2125 0.01 0.38 0.06 0.16 0.16 0.11 0.01 0.265 0.185 0.4 0.08 0.43 1.355 0.3 0.065 0.01 0.01 0.01 0.41 0.08 0.02 0.38 0.06 0.16 0.16 0.29 0.15 0.345 0.475 0.09 0.24 0.1775 0.0625 0.1675 0.1025 0.125 0.105 0.01 0.1175 0.1025 0.2675 0.1125 0.2075 0.1425 0.2975 0.1625 0.3075 0.1225 0.375 0.72788
0_xc_7,SP n i n a q i j i ou b ei d u ei z i j i sh uo SP,0.224014 0.14 0.14 0.13 0.64 0.17 0.14 0.15 0.03 0.18 0.12 0.28 0.13 0.01 0.16 0.15 0.36 0.18 0.16 0.23 1.105 1.07277
0_yltk_16,r ang n i d e x in t i ao m an b u x ia l ai SP,0.08 0.1 0.14 0.12 0.1 0.08 0.13 0.12 0.1 0.02 0.21 0.05 0.24 0.13 0.14 0.22 0.32 0.16 0.21 0.34863
0_yrnsmy_9,x vn j i ch u h ao j ing SP p o x ing g u ang SP,0.21 0.6375 0.1125 0.23 0.17 0.21 0.19 0.63 0.17 0.27 0.11 0.03 0.21 0.17 0.68 0.17 0.01 0.61 0.79925
0_rgwbsw_33,SP i ou h u ei z en SP,0.36737 0.01 0.3875 0.5425 0.01 0.02 0.22 1.26 3.85875
0_jtsndsrmm_50,n i er k u q i h ei SP,0.13 0.1575 0.3825 0.17 0.26 0.2 1.8 0.01 1.545 0.784521
0_zqc_8,f eng l e SP l ei l e SP t ong l e SP,0.18 0.3275 1.4925 1.525 0.095 0.1 1.4975 0.1525 0.685 0.825 0.16 0.3 1.39 0.94 0.29138
0_yltk_25,SP k e uo d e z i i ou x ing sh i d e h uan m an SP,0.24966 0.11 0.2275 0.19 0.0725 0.1175 0.1125 0.31 0.01 0.02 0.13 0.22 0.34 0.06 0.11 0.34 0.11 0.3 0.17 0.585 0.59819
0_xyrp_2,SP h uan h u sh eng r eng p SP i ao z ai k ong q i l i SP,0.215896 0.15 0.22 0.15 0.2 0.2 0.03 0.46 0.02 0.1 0.31 0.01 0.03 0.16 0.2 0.21 0.54 0.19 0.29 0.07 0.34 1.126003
0_yltk_21,SP n SP i sh i ou x SP i ang p ai SP,0.868549 0.14 0.66 0.06 0.42 0.04 0.46 0.555 0.065 0.01 0.01 0.07 0.34 0.22981
0_dnll_1,SP t ou f a b ai l e SP,0.432313 0.21 0.42 0.19 0.19 0.13 0.32 0.13 0.54 0.966699
0_jtsndsrmm_18,SP m a m a uo g ao s u n i SP,0.351565 0.12 0.31 0.13 0.4475 0.3325 0.13 0.18 0.21 0.19 0.13 0.42069 0.46229
0_xc_37,SP r en sh eng k u d uan h e b i n i an n i an b u u ang SP,0.376463 0.11 0.13 0.14 0.13 0.15 0.11 0.09 0.19 0.14 0.18 0.14 0.43 0.11 0.02 0.34 0.12 0.01 0.18 0.09 1.03 0.01 0.125 0.754588
0_xc_8,SP i b ei j ing zh ao i ang i b ei j ing ve g u ang SP,0.1 0.14 0.12 0.14 0.11 0.14 0.11 0.26 0.02 0.74 0.41 0.15 0.13 0.14 0.23 0.18 0.15 0.01 0.375 0.47819
0_yltk_6,q ing n i n u l i d e x i g uan SP,0.15 0.09 0.16 0.09 0.15 0.21 0.14 0.26 0.14 0.25 0.23 0.24 0.18 0.405 1.261777
0_jtsndsrmm_19,uo SP zh ao d ao l e zh en zh eng d e ai q ing SP,0.33 0.27 0.13 0.2 0.11 0.25 0.08 0.12 0.13 0.18 0.14 0.27 0.09 0.12 0.64 0.23 0.295 0.515789
0_jtsndsrmm_46,SP sh i f ou u ang i an v ch uan SP,0.476848 0.1775 0.0125 0.14 0.3775 0.0125 0.01 0.02 0.22 0.31 0.2 1.365 0.621661
0_ylybd_24,AP d an m ei c i t a zh i l i ou x ia SP j ing h ong i SP p ie d e g an k ai SP,0.11 0.06 0.05 0.14 0.1 0.13 0.0675 0.0925 0.09 0.14 0.09 0.3 0.01 0.02 0.18 0.195 0.175 0.11 0.08 0.11 0.2 0.135 0.095 0.03 0.17 0.07 0.33 0.12 0.13 0.16 1.18 0.67962
0_jtsndsrmm_4,SP zh i d ao i ou SP i t i an uo zh ang ch eng SP,0.248957 0.18 0.29 0.13 0.45 0.02 0.4 0.09 0.17 0.2 0.02 0.27 0.14 0.13 0.17 0.15 0.355 0.418403
0_bmbm_16,b an m a b an m a SP n i h ai j i d e uo m a SP AP SP,0.16 0.22 0.24 0.73 0.15 0.22 0.24 0.725 0.545 0.09 0.12 0.1 0.12 0.16 0.83 0.09 0.44 0.41 0.08 0.58 0.24 0.40637 0.23898
0_dy_8,SP p a n i f ei van q v SP p SP a n i l i uo er q v AP,0.356395 0.045 0.3825 0.0825 0.23 0.2 1.21 0.33 0.18 0.405 0.235 0.03 0.05 0.42 0.06 1.18 0.12 0.01 0.61 0.03 0.24 0.325 0.37494
0_xyrp_10,SP g eng x v i ao i g e r en l ai d i an l i ang t i an d e SP h ei SP,0.435011 0.09 0.18 0.19 0.67 0.01 0.01 0.28 0.13 0.23 0.11 0.36 0.06 0.19 0.18 0.05 0.17 0.33 0.01 0.01 0.16 0.02 0.24 0.07 0.265 0.395 0.08 0.575 1.087859
0_jtsndsrmm_14,j in t i an sh i n i d e sh eng r i SP,0.22 0.29 0.17 0.02 0.2975 0.2325 0.26 0.13 0.16 0.12 0.21 0.18 0.33 0.14 0.245 0.36194
0_dy_22,SP m ei i d i l ei sh u ei SP d ou x i ang n i l i ou t ang q v SP AP,0.446349 0.19 0.3775 0.3025 0.2 1.14 0.12 0.21 0.22 0.01 0.37 0.35 0.08 0.21 0.44 0.01 0.01 0.19 0.4 0.67 0.01 0.03 0.2 0.26 0.22 0.585 0.105 0.77581
0_dy_17,zh i z i sh ou SP ch u ei s an c ang m ang m ang SP i an b o SP,0.17 0.27 0.16 0.2375 0.2025 0.665 0.045 0.39 0.01 0.02 0.19 0.25 0.18 0.17 0.23 0.19 0.21 0.345 0.805 0.01 0.02 0.17 0.75 1.103842
0_dnll_33,f eng ch u ei g uo l ai SP,0.23 0.51 0.16 0.01 0.2 0.1 0.21 0.1 0.88 1.145378
0_xyrp_33,zh e u sh eng d e ie x i an z ai d e uo SP x v SP i ao r en SP p SP,0.17 0.2175 0.6325 0.21 0.29 0.09 0.56 0.02 0.17 0.03 0.21 0.15 0.26 0.13 0.35 0.94 0.72 0.27 0.525 0.425 0.01 0.02 0.18 0.54 0.22 2.0 0.18019
0_xy_24,SP uo zh i d ao n ei x ie b u g ai sh uo d e h ua SP,0.273197 0.05 0.17 0.06 0.1 0.1 0.09 0.0975 0.1225 0.07 0.15 0.07 0.1 0.11 0.14 0.08 0.09 0.1 0.17 0.325 0.395
0_yltk_32,i ang g u ang d uo c an l an SP AP,0.02 0.4475 0.0825 0.02 0.3975 0.0925 0.17 0.16 0.29 0.17 0.335 0.235 0.22712
0_bmbm_5,k e uo l ang f ei zh e uo h an l eng d e n i an h ua SP,0.17 0.01 0.3275 0.0925 0.3375 0.1225 0.31 0.16 0.5 0.27 0.16 0.16 0.65 0.02 0.07 0.16 0.1 0.01 0.34 0.18 1.925 0.791072
0_hd_1,x ve h ua zh an f ang d e q i h ou SP,0.18 0.26 0.17 0.26 0.18 0.29 0.15 0.2 0.08 0.2 0.24 0.44 0.18 0.375 0.34769
0_xyrp_26,u f a k ang j v u l u k e t u ei SP,0.3175 0.1325 0.2375 0.1325 0.26 0.11 0.59 0.06 0.1 0.18 0.18 0.22 0.17 0.01 0.385 0.851908
0_rgwbsw_7,b u r ang n i sh ou sh ang SP,0.11 0.1 0.12 0.16 0.09 0.11 0.17 0.48 0.24 1.385 0.3555
0_xy_26,SP x i ang zh i d ao d uo n i an p SP i ao f u d e sh i g u ang SP AP SP,0.123787 0.2075 0.0125 0.02 0.16 0.06 0.11 0.13 0.11 0.12 0.1 0.02 0.01 0.105 0.205 0.01 0.02 0.15 0.07 0.11 0.12 0.21 0.01 0.18 0.01 0.34 0.08 0.26894 0.254558
0_ylybd_8,SP q i sh i AP sh ei b u x i ang v j i an zh en ai SP,0.121587 0.16 0.1 0.2575 0.1075 0.2525 0.1625 0.27 0.16 0.2 0.65 0.01 0.01 0.33 0.14 0.03 0.08 0.14 0.29 0.025 0.878613
0_xy_11,sh i f ou n i ie x i ang j ia SP AP,0.2575 0.0125 0.13 0.13 0.11 0.61 0.04 0.42 0.01 0.02 0.18 1.21 0.085 0.52344
0_ylybd_27,j i ou s uan sh i z i uo an u ei SP,0.4175 0.0125 0.05 0.14 0.1 0.16 0.0975 0.1125 0.18 0.295 0.415 0.01 1.27 0.59456
0_ylybd_7,SP t ai r ong i l ai d e SP j i ou b u l i c ai,0.496735 0.13 0.35 0.1 0.1675 0.17 0.1025 0.3 0.12 0.095 0.245 0.36 0.01 0.02 0.13 0.14 0.09 0.12 0.16 0.27831
0_yltk_15,SP t u r u q i l ai d e ch ong b ai SP,0.198707 0.12 0.4575 0.1925 0.12 0.15 0.14 0.08 0.15 0.09 0.09 0.18 0.31 0.11 0.245 0.21212
0_yltk_9,SP o SP i ang g u ang d uo c an l an SP AP SP,0.254263 0.535 0.395 0.01 0.41 0.08 0.02 0.36 0.07 0.16 0.16 0.23 0.21 0.305 0.245 0.26981 0.207279
0_jtsndsrmm_51,SP n ei x ie ch eng zh ang d e d i an d i an d i d i AP,0.379456 0.11 0.1175 0.1225 0.0975 0.1425 0.3175 0.1125 0.15 0.09 0.13 0.16 0.07 0.49 0.1 0.05 0.12 0.06 0.11 0.12 0.305 0.32225
0_xy_33,SP d uo m e j i an g u d e x in i ang SP,0.340658 0.05 0.1575 0.0525 0.11 0.13 0.04 0.1075 0.0925 0.09 0.11 0.32 0.15 0.24 0.02 1.06 0.63694
0_ckyg_25,SP j i m o SP zh u ch eng i d ao u ei q i ang SP,0.397868 0.11 0.13 0.12 0.24 0.28 0.11 0.3 0.19 0.38 0.2 0.11 0.76 0.01 0.02 0.17 0.01 0.18 0.18625
0_xy_18,uo SP ai n i SP sh i d uo m e u en n uan SP,0.395 0.055 0.3875 0.1225 0.87 0.38 0.21 0.05 0.1 0.16 0.05 0.19 0.01 0.13 0.12 0.18337 0.187846
0_yltk_4,SP i ao z uo n i d e b an SP,0.391542 0.01 0.03 0.2 0.16 0.2 0.24 0.18 0.25 0.2 0.495 0.3525
0_hd_39,SP ie x v n i h u ei p ei SP uo SP k an x i sh u ei AP ch ang l SP,0.16 0.02 0.16 0.05 0.12 0.13 0.15 0.01 0.0375 0.1 0.3475 0.575 0.29 0.04 0.12 0.29 0.2 0.21 0.43 0.01 0.185 0.295 0.19 0.19 1.64 0.18012
0_zqc_4,SP uo d ong ie d e sh ou x i ang g u en SP t ang d e sh SP i i an SP,0.44678 0.2675 0.1025 0.3775 0.0225 0.11 0.06 0.16 0.19 0.19 0.01 0.02 0.13 0.04 0.32 0.04 0.17 0.805 0.115 0.11 0.395 0.105 0.01 0.02 1.06 0.530993
0_yltk_27,SP uo zh ong v h ai sh i sh i q v l e p SP an d uan ai SP ie ai SP,0.08 0.1575 0.1025 0.2575 0.0925 0.08 0.1775 0.1525 0.05 0.44 0.05 0.15 0.17 0.09 0.13 0.14 0.16 0.43 0.07 0.46 1.335 0.195 0.01 0.01 0.09519
0_tksjdm_10,SP sh i j ie b en g ai sh i n i x ing l ai d e m u i ang SP AP,0.226599 0.13 0.07 0.13 0.11 0.13 0.3 0.09 0.15 0.19 0.26 0.11 0.4 0.19 0.23 0.18 0.23 0.08 0.25 0.14 0.65 0.02 0.625 0.185 0.51381
0_tksjdm_7,SP u en g uo n i d e i an j ing SP j i ou u u ei d e q ing ch u en SP AP SP,0.414739 0.01 0.02 0.1 0.11 0.11 0.12 0.09 0.34 0.01 0.02 0.17 0.31 0.29 0.13 0.01 0.01 0.78 0.01 0.02 0.1 0.25 0.2 0.37 0.49 0.01 0.4 0.335 0.37206 0.406712
0_jtsndsrmm_52,SP b an s u ei zh e ch eng zh ang SP x ing f u d e h u ei i SP,0.36873 0.1 0.13 0.18 0.01 0.2875 0.1025 0.1175 0.1625 0.15 0.1 0.35 0.17 0.15 0.31 0.14 0.11 0.1 0.13 0.13 0.01 0.19 0.64 0.492684
0_hd_2,SP uo m en SP i q i ch an d ou SP h u ei SP g eng m ing b ai SP,0.562971 0.3975 0.0525 0.32 0.11 0.3 0.15 0.09 0.17 0.26 0.13 0.22 0.35 0.1 0.01 0.34 0.05 0.03 0.16 0.1 0.33 0.1 0.26 0.28181
0_ylybd_26,SP d e b u d ao d e u s uo u ei SP,0.361655 0.22 0.14 0.09 0.06 0.11 0.12 0.1 0.24 0.12 0.19 1.23 0.01 0.41 0.23406
0_dnll_10,SP zh i i ou i g e r en h ai ai n i q i an ch eng d e l ing h u en SP,0.348571 0.17 0.9 0.01 0.01 0.54 0.13 0.18 0.16 0.43 0.15 0.3 0.59 0.11 0.15 0.62 0.01 0.02 0.15 0.21 0.08 0.57 0.08 0.18 0.19 0.02 0.515 0.78931
0_xyrp_20,n i SP f ei d ao t i an d e b i an van SP,0.2 0.72 0.56 0.19 0.27 0.09 0.2 0.17 0.02 0.22 0.09 1.03 0.19 0.06 0.24 0.385 0.84788
0_dnll_9,SP j ia i h uo zh en x in SP,0.458617 0.15 0.2775 0.2025 0.15 0.16 0.15 0.16 0.19 2.195 0.77681
0_zqc_6,t an l i an d e s u ei ve SP b ei u q ing ch ang h uan SP,0.17 0.12 0.2375 0.0425 0.06 0.1 0.21 0.17 0.01 0.01 0.79 0.09 0.09 0.23 0.42 0.19 0.46 0.15 0.23 0.15 1.425 0.61256
0_ckyg_19,SP k e m ei i ou m eng x i ang SP h e b i van f ang SP AP,0.433424 0.17 0.06 0.17 0.5375 0.0125 0.04 0.12 0.47 0.86 0.01 0.03 0.47 0.15 0.3 0.17 0.5 0.22 0.18 2.095 0.215 0.395
0_ylybd_25,SP uo SP ve l ai ve b u d ong ai SP,0.588639 0.88 0.58 0.22 0.04 0.55 0.3 0.17 0.24 0.18 0.74 1.795 0.49919
0_dy_5,zh i z i sh ou SP ch u ei s an c ang m ang m ang SP i an b o SP,0.17 0.26 0.17 0.2475 0.1925 0.475 0.245 0.33 0.01 0.02 0.21 0.22 0.21 0.15 0.24 0.16 0.22 0.385 0.775 0.01 0.02 0.19 0.67 0.630954
0_xyrp_18,SP uo SP j i an j i an sh i q v zh i j ve SP,0.375147 0.92 0.47 0.16 0.03 0.22 0.11 0.04 0.16 0.24 0.1 0.2 0.8275 0.2125 0.19 0.2 0.63 1.078738
0_xy_14,SP uo n a m e d uo i h an n a m e d uo q i SP p an SP,0.499478 0.1675 0.0725 0.1475 0.0725 0.1 0.11 0.1875 0.1525 0.12 0.21 0.2 0.14 0.06 0.09 0.11 0.11 0.14 0.115 0.045 0.03 0.15069 0.10619
0_xy_13,SP ie x v j ie j v n SP an j i ang SP AP,0.385079 0.02 0.13 0.09 0.11 0.12 0.22 1.22 0.07 0.06 0.31 0.17 0.01 0.775 0.16 0.48175
0_tksjdm_9,SP zh i j i d e h ua i sh ang SP AP SP,0.377506 0.17 0.2375 0.1225 0.17 0.09 0.1375 0.1425 0.36 0.15 0.16 0.375 0.21 0.27569 0.18737
0_hd_23,g u d u d e z i i ou AP,0.09 0.3 0.13 0.28 0.15 0.14 0.55 0.38 0.01 0.3 0.36356
0_hd_5,z ou g uo h u ang u d e sh a q i ou SP,0.18 0.28 0.15 0.23 0.21 0.02 0.37 0.21 0.13 0.19 0.21 0.39 0.33 0.01 0.245 0.42087
0_yrnsmy_3,SP q ing l ie t u sh ang b u van u ang AP,0.324376 0.15 0.1 0.1975 0.2875 0.145 0.21 0.16 0.33 0.08 0.34 0.43 0.02 0.285 0.44619
0_dy_3,SP n ing u ang n i ch en sh u ei d e SP l u en k uo SP,0.397347 0.11 0.4575 0.0125 0.06 0.25 0.54 0.23 0.25 0.22 0.01 0.295 0.095 0.44 0.32 0.35 0.01 0.02 0.29 0.86 0.63675
0_xyrp_32,SP u f a k ang j v u l u k e t u ei SP,0.673878 0.02 0.15 0.2175 0.1525 0.23 0.16 0.36 0.25 0.11 0.19 0.17 0.23 0.17 0.01 0.335 0.558017
0_xy_43,l ai z i sh eng m ing d e l i l i ang SP AP SP,0.07 0.1175 0.0925 0.0775 0.1325 0.1175 0.1125 0.07 0.13 0.37 0.09 0.11 0.09 0.01 1.325 0.315 0.39237 0.36
0_xc_17,SP z i i u ei sh i d i b i ao i an zh e SP,0.37127 0.17 0.4275 0.6825 0.01 0.03 0.23 0.35 0.1 0.14 0.15 0.01 0.65 0.01 0.02 0.16 0.675 0.73612
0_ckyg_9,k e uo SP b u c eng j i an g uo h ai i ang SP,0.11 0.3075 0.2775 0.325 0.08 0.25 0.19 0.32 0.13 0.05 0.33 0.08 0.12 0.16 0.37 0.01 0.21 0.536023
0_yrnsmy_7,n an sh i q i ou er b u d e SP,0.12 0.26 0.3075 0.0525 0.29 0.01 0.15 0.32 0.17 0.68 0.1 0.305 0.748095
0_xy_21,SP b u g uan b ie r en z en m e x i ang SP AP,0.05 0.07 0.1 0.08 0.1375 0.1225 0.1175 0.1025 0.1075 0.1125 0.33 0.11 0.13 1.19 0.01 0.11 0.08 0.54625
0_rgwbsw_16,SP b ie n an g uo uo q in ai d e g u n i ang SP,0.40771 0.17 0.11 0.11 0.18 0.11 0.74 0.09 0.17 0.13 0.25 0.09 0.13 0.13 0.36 0.12 0.01 0.52 0.870456
0_tksjdm_11,SP z uo sh ou d e b ei sh ang i ou i an d e j ve j i ang,0.312472 0.11 0.22 0.14 0.19 0.09 0.12 0.14 0.25 0.14 0.23 0.01 0.01 0.01 0.72 0.06 0.13 0.14 0.18 0.34 0.01 0.12694
0_ckyg_13,j i m o SP zh u ch eng i d ao u ei q i ang SP,0.12 0.15 0.12 0.26 0.28 0.11 0.29 0.18 0.37 0.19 0.11 0.58 0.02 0.2 0.15 0.01 0.195 0.570903
0_rgwbsw_24,SP r u g uo uo b u sh i uo SP,0.442494 0.02 0.14 0.16 0.03 0.55 0.16 0.14 0.21 0.22 0.735 1.074709
0_xy_31,SP n i zh i d ao m a SP,0.483129 0.06 0.09 0.13 0.3475 0.0825 0.3 0.13 1.635 0.68481
0_rgwbsw_18,SP uo d uo x i ang r ang n i k ao z ai uo d e j i an b ang AP SP,0.06 0.12 0.11 0.13 0.3375 0.0125 0.01 0.02 0.3 0.19 0.11 0.16 0.32 0.12 0.26 0.14 0.09 0.11 0.16 0.05 0.17 0.08 0.495 0.39244 0.479841
0_xyrp_31,SP uo i j ing u n eng u ei l i,0.06 0.3275 0.3225 0.14 0.58 0.04 0.1 0.24 0.01 0.4 0.1 0.28069
0_zqc_18,SP zh e n i an h ua q ing s e sh i q v SP,0.28093 0.13 0.06 0.13 0.01 0.2475 0.1225 0.08 0.14 0.19 0.15 0.08 0.5 0.03 0.22 0.575 0.568185
0_zqc_5,n i sh an sh uo d e i an x i ang c u ei r uo d e x in n i an SP,0.19 0.16 0.15 0.08 0.17 0.22 0.09 0.39 0.01 0.02 0.19 0.01 0.02 0.18 0.01 0.46 0.12 0.43 0.12 0.33 0.19 0.19 0.32 0.01 1.295 0.2875
0_xyrp_8,SP i g e SP uo x v i ao m eng x i ang SP,0.17 0.23 0.14 0.3 0.08 0.19 0.2 0.54 0.01 0.02 0.1 0.22 0.26 0.01 0.1075 0.194989
0_yrnsmy_15,SP u ei i ou sh i j i an b u SP k e d ang SP,0.07 0.02 0.3975 0.0225 0.1675 0.7425 0.05 0.22 0.05 0.57 0.15 0.335 0.305 0.14 0.26 0.12 0.92 1.24175
0_jtsndsrmm_40,n i z ai sh en SP p ang SP p i j van i ou an x i ang AP SP,0.09 0.12 0.13 0.2675 0.1825 0.565 0.055 0.04 0.37 0.09 0.03 0.34 0.13 0.18 0.04 0.17 0.4 0.23 0.01 0.25 0.46644 0.1939
0_yltk_34,SP o v u ang n an d uo sh an SP AP,0.07 0.8375 0.4125 0.02 0.35 0.12 0.22 0.08 0.22 0.18 0.425 0.2 0.25512
0_xyrp_28,SP i g e uo x v i ao m eng x i ang SP,0.56678 0.22 0.13 0.3375 0.2625 0.2 0.59 0.01 0.03 0.11 0.22 0.32 0.01 0.06394 0.373741
0_xyrp_25,SP uo i j ing u n eng u ei l i,0.1 0.3175 0.3325 0.14 0.56 0.04 0.11 0.31 0.01 0.32 0.11 0.25069
0_jtsndsrmm_11,t ong n i an h uan l e d e j i ou sh i g u ang SP,0.14 0.1475 0.0625 0.01 0.1375 0.1325 0.3675 0.1025 0.32 0.13 0.29 0.38 0.01 0.06 0.19 0.14 0.31 0.01 0.095 0.30869
0_hd_28,k e sh i uo i ou sh i h ou SP,0.15 0.23 0.5575 0.0125 0.99 0.02 0.11 0.25 0.13 0.17 0.425 0.57737
0_bmbm_21,SP uo zh i sh i g e c ong m ang d e l v r en a SP,0.536848 0.11 0.12 0.07 0.3275 0.16 0.0925 0.29 0.18 0.19 0.04 0.62 0.05 0.84 0.07 0.16 0.06 0.42 2.51 1.102362
0_jtsndsrmm_12,n i zh u sh i uo d e c i x i ang d e m u g u ang SP,0.09 0.13 0.14 0.27 0.21 0.44 0.33 0.08 0.11 0.18 0.3 0.27 0.01 0.01 0.07 0.13 0.1 0.37 0.15 0.02 0.325 0.50587
0_jtsndsrmm_55,SP m a SP m a uo d uo x i ang u ei n i SP,0.426009 0.11 3.75 0.68 0.08 0.23 0.13 0.08 0.13 0.49 0.02 0.01 0.01 0.02 0.12 0.24687 0.431383
0_xc_24,SP v sh i k e i b u h u ei t ou d e n i f eng f ei x i ang SP,0.07 0.13 0.2375 0.0225 0.13 0.2175 0.1825 0.14 0.11 0.23 0.01 0.02 0.11 0.16 0.13 0.4 0.12 0.37 0.16 0.15 0.13 0.12 0.46 0.01 0.265 0.60544
0_ckyg_4,SP r u g uo SP h en n i SP j i ou n eng b u u ang j i n i SP,0.435442 0.02 0.47 0.21 0.595 0.425 0.28 0.01 0.29 0.56 0.64 0.12 0.04 0.02 0.14 0.15 0.1 0.75 0.01 0.02 0.18 0.42 0.24 0.565 0.57169
0_rgwbsw_6,uo i d ing h u ei SP p ei z ai n i sh en SP p ang SP,0.2375 0.1625 0.12 0.23 0.19 0.02 0.41 0.45 0.07 0.01 0.13 0.12 0.1 0.09 0.17 0.225 0.065 0.04 0.37 0.36587
0_xyrp_13,SP zh e SP u sh eng d e ie x i an z ai d e uo SP x v SP i ao r en SP p ei SP,0.263129 0.2 0.29 0.11 0.49 0.18 0.25 0.08 0.38 0.18 0.36 0.01 0.02 0.16 0.23 0.13 0.39 0.64 0.75 0.24 0.535 0.325 0.01 0.02 0.16 0.545 0.155 0.03 1.65 1.805575
0_ylybd_20,SP t ai r ong i l ai d e SP j i ou b u l i c ai,0.316599 0.1 0.32 0.11 0.1575 0.1725 0.11 0.3 0.11 0.11 0.22 0.39 0.01 0.02 0.13 0.13 0.07 0.11 0.16 0.28863
0_dy_9,g eng p SP a n i SP i ong van t ing l i ou z ai zh e l i SP AP,0.14 0.01 0.28 0.07 0.4275 0.0625 0.425 0.655 0.01 0.03 0.45 0.16 0.33 0.07 0.01 0.22 0.19 0.26 0.19 0.35 0.06 1.735 0.18 0.46525
0_xy_7,SP sh i n i a SP,0.397143 0.2975 0.27 0.0625 0.33 1.155 0.27669
0_tksjdm_17,l u g uo n i d e sh i h ou SP sh i j i an d uo c an r en AP,0.24 0.07 0.13 0.12 0.1 0.12 0.1 0.09 0.21 0.02 0.13 0.41 0.37 0.47 0.02 0.13 0.04 0.15 0.08 0.29 0.19 0.3 0.27 0.95 0.38706
0_zqc_3,SP m an ch ang d e g ao b ie sh i q ing ch u en sh eng i an SP,0.192449 0.09 0.23 0.15 0.09 0.09 0.24 0.12 0.07 0.15 0.18 0.14 0.04 0.19 0.39 0.16 0.02 0.98 0.2 0.27 0.02 1.395 0.630758
0_tksjdm_24,z uo sh ou d e n i ia i ou sh ou d e n i ia SP,0.23 0.21 0.14 0.18 0.11 0.1275 0.1025 0.56 0.01 0.02 0.25 0.18 0.27 0.1 0.16 0.09 0.31 0.40981 0.12102
0_rgwbsw_11,k e sh i uo b u n eng zh e i ang SP AP SP,0.14 0.11 0.3175 0.0125 0.1675 0.1525 0.72 0.18 0.34 0.15 0.25 0.02 0.925 0.08 0.38244 0.450884
0_xc_3,m ei r en j i d e n i d e m u SP i ang AP,0.19 0.7375 0.0625 0.15 0.14 0.32 0.14 0.27 0.29 0.14 0.14 0.08 0.17 0.445 0.065 0.01 0.38 0.56575
0_yltk_7,SP o x i ao x in v l e b an SP,0.05 0.11 0.2575 0.0125 0.02 0.65 0.01 0.28 0.17 0.3 0.15 0.405 0.66497
0_jtsndsrmm_20,t a d e m u i ang j i ou x SP i ang,0.13 0.1 0.1 0.08 0.18 0.56 0.01 0.04 0.34 0.01 0.02 0.48 0.3 0.01 0.03169
0_zqc_10,x i ao l e SP j i ao l e SP z ou l e SP,0.27 0.01 1.26 0.54 0.875 0.365 0.14 0.01 0.48 1.17 0.74 0.77 0.19 1.6875 0.0725 0.345 0.628646
0_dnll_23,l u h uo SP p ang d a d u en SP,0.08 0.14 0.18 0.21 0.08 0.2475 0.0125 0.11 0.18 0.15 0.02 0.5 0.553551
0_ckyg_23,van l ai t ang z ai n i sh ou sh ang SP,0.3875 0.0925 0.12 0.14 0.3 0.16 0.42 0.08 0.13 0.18 0.17 0.2 1.19 0.51675
0_ckyg_1,SP uo zh i i ao ch u f a SP b u i ao m u d i AP SP,0.375556 0.1 0.19 0.7 0.01 0.02 0.21 0.17 0.17 0.345 0.405 0.1 0.49 0.01 0.05 0.12 0.14 0.19 1.53 0.195 0.1985
0_bmbm_17,SP uo sh i q i ang sh uo zh e i ou ch ou d e h ai z i a SP,0.07 0.1375 0.18 0.0225 0.15 0.01 0.3175 0.1325 0.38 0.1 0.6 0.01 0.19 0.14 0.56 0.11 0.12 0.13 0.31 0.18 0.12 1.685 0.407088
0_ckyg_28,SP uo i zh i d ou z ai l i ou l ang SP,0.1 0.2775 0.32 0.1425 0.32 0.11 0.32 0.13 0.16 0.1 0.02 0.57 0.12 0.35188 0.208934
0_dnll_32,SP d eng h uo SP h u en h u ang b u d ing SP,0.254444 0.2 0.16 0.18 0.415 0.525 0.34 0.01 0.01 1.52 0.01 0.1175 0.0825 0.2 0.15 2.205 0.873325
0_tksjdm_22,SP k an q i l ai d ou i i ang SP AP SP,0.401633 0.12 0.2475 0.1625 0.1375 0.0925 0.1375 0.1025 0.29 0.28 0.01 0.435 0.195 0.43 0.428594
0_hd_22,k e n eng z ai uo z uo i ou SP n i c ai zh u ei q i ou SP,0.18 0.29 0.15 0.28 0.21 0.41 0.12 0.17 0.39 0.01 0.2 0.36 0.08 0.27 0.17 0.14 0.14 0.03 0.29 0.15 0.01 0.215 0.393195
0_tksjdm_13,SP van l ai n i j i ou sh i uo z i f u d e d an l i ang SP,0.11 0.1275 0.0825 0.1 0.12 0.24 0.14 0.04 0.08 0.22 0.35 0.465 0.205 0.27 0.14 0.15 0.11 0.26 0.13 0.31 0.29 0.01 0.855 1.39475
0_hd_30,SP d eng d ao f eng j ing d ou k an t ou SP,0.465646 0.12 0.3175 0.1125 0.3175 0.1725 0.23 0.15 0.26 0.1 0.19 0.21 0.51 0.18 0.355 0.39737
0_yltk_13,SP v u ang n an d uo sh an SP,0.414966 0.3575 0.0225 0.4175 0.1325 0.25 0.07 0.21 0.19 0.37 0.728808
0_dnll_35,zh e j i ou SP sh i uo SP x in l i d e g e SP,0.19 0.18 0.2275 0.0125 0.445 0.595 0.57 0.01 0.61 0.17 0.19 0.26 0.07 0.14 0.11 0.19 0.15 1.56 0.82162
0_yrnsmy_30,SP d uo sh ao i h an z i f u c u en n i an x i ang SP,0.176621 0.16 0.26 0.18 0.3175 0.6625 0.17 0.68 0.12 0.62 0.18 0.59 0.2 0.01 0.69 0.06 0.01 0.22 0.81 0.01 0.065 0.39375
0_hd_29,n ing van x van z e l i ou l i an SP b u f ang sh ou AP SP,0.09 0.1975 0.11 0.25 0.0325 0.09 0.1 0.04 0.01 0.01 0.08 0.01 0.28 0.47 0.09 0.15 0.2 0.16 0.2 0.44 0.51944 0.433719
0_xy_3,SP x i ang q i n i d e l i an SP p ang SP,0.345692 0.1975 0.0125 0.06 0.15 0.06 0.11 0.13 0.11 0.58 0.07 0.01 0.245 0.105 0.05 1.22 0.796741
0_ckyg_7,k e m ei i ou m eng x SP i ang SP h e b i van f ang SP,0.14 0.06 0.19 0.5875 0.0125 0.04 0.11 0.38 0.81 0.08 0.01 0.01 0.49 0.15 0.28 0.18 0.5 0.25 0.19 2.185 0.796417
0_tksjdm_3,SP u en g uo n i d e i an j ing SP j i ou u u ei d e q ing ch u en SP,0.2 0.01 0.02 0.1 0.13 0.12 0.12 0.1 0.34 0.01 0.02 0.16 0.44 0.15 0.18 0.01 0.01 0.75 0.01 0.02 0.13 0.29 0.25 0.26 0.37 0.01 0.31 1.829533
0_xy_0,m ei d ang uo t ing j i an i ou v d e ve zh ang SP,0.23 0.08 0.11 0.1875 0.1225 0.15 0.09 0.12 0.04 0.16 0.02 0.16 0.13 0.1 0.21 0.11 0.17 0.315 0.37431
0_rgwbsw_13,SP j i ou x i ang sh i t ou SP u f a zh an f ang SP,0.436349 0.11 0.04 0.02 0.2275 0.0125 0.02 0.14 0.1175 0.1425 0.48 0.7 0.02 0.18 0.15 0.17 0.34 0.16 0.43 0.39456
0_xyrp_22,SP i g e uo x v i ao m eng x i ang,0.414195 0.23 0.14 0.3375 0.2125 0.21 0.58 0.01 0.02 0.09 0.21 0.28 0.01 0.071
0_zqc_19,m ing b ai l e sh i j i an SP,0.09 0.24 0.11 0.11 0.11 0.91 0.54 0.06 0.22 0.04 0.65 0.77456
0_yltk_29,k e uo d e l i x i ang c ai m an m an f u l an SP,0.09 0.01 0.3775 0.0725 0.1575 0.0925 0.1275 0.2225 0.01 0.01 0.1 0.26 0.1 0.22 0.14 0.34 0.14 0.35 0.11 0.43 0.63388
0_rgwbsw_21,SP t i n i f u SP p ing n i s uo sh ou d e ch u ang sh ang SP,0.327007 0.12 0.1475 0.0825 0.13 0.14 0.15 0.08 0.03 0.35 0.06 0.15 0.12 0.15 0.17 0.65 0.06 0.1 0.34 0.01 0.06 0.16 0.4 0.478489
0_xc_1,SP b ei sh ang s uo i ou d e m eng v x i ang SP,0.433016 0.14 0.28 0.19 0.3675 0.1725 0.67 0.01 0.02 0.11 0.15 0.14 0.76 0.19 0.21 0.01 0.365 0.73496
0_ckyg_8,SP uo i zh i d ou z ai l i ou l ang,0.1 0.1975 0.4 0.1425 0.32 0.12 0.32 0.13 0.17 0.09 0.01 0.59 0.05 0.35538
0_yltk_5,SP p a n i t ai g u d an SP,0.08 0.1975 0.0125 0.17 0.24 0.17 0.27 0.19 0.29 0.18 0.465 0.499528
0_xc_15,SP l ing h u en b u z ai u ch u an SP f ang SP AP,0.448503 0.13 0.11 0.14 0.01 0.14 0.11 0.12 0.13 0.41 0.04 0.25 0.28 0.11 0.53 0.24 1.735 0.395 0.69281
0_ckyg_11,SP van l ai t ang z ai n i sh ou sh ang SP,0.07 0.3775 0.0925 0.12 0.14 0.28 0.16 0.4 0.1 0.13 0.18 0.17 0.2 1.055 0.665705
0_tksjdm_21,z uo i an d e b ei sh ang i ou i an d e j ve j i ang,0.17 0.2875 0.0225 0.2575 0.0725 0.11 0.13 0.2 0.16 0.24 0.01 0.01 0.02 0.73 0.07 0.12 0.15 0.18 0.37 0.01 0.13981
0_yrnsmy_2,x ia sh i m eng zh ang q i ou sh i zh ou d uan SP,0.14 0.1975 0.44 0.0125 0.07 0.21 0.16 0.26 0.14 0.01 0.2 0.16 0.25 0.13 0.12 0.1 0.285 0.428382
0_ylybd_33,SP i u ei SP v sh ang l e j i ou h u ei m ing b ai SP,0.39059 0.4075 0.0225 0.41 0.07 0.29 0.16 0.32 0.12 0.3 0.2 0.01 0.04 0.17 0.02 0.02 0.14 0.11 0.09 0.15 0.2305
0_xy_2,SP m ei d ang uo k an j i an b ai s e d e ve g SP u ang SP,0.406213 0.15 0.08 0.12 0.1975 0.13 0.1225 0.11 0.11 0.06 0.01 0.17 0.11 0.14 0.05 0.1 0.23 0.13 0.105 0.065 0.02 0.285 0.512952
0_xc_12,SP i b ei j ing g u x i ang i b ei j ing van f ang SP,0.550748 0.17 0.12 0.11 0.13 0.12 0.14 0.14 0.9 0.01 0.01 0.45 0.14 0.13 0.13 0.23 0.17 0.15 0.405 0.691196
0_hd_6,k e n eng c ong c i i h ou SP,0.18 0.26 0.16 0.25 0.21 0.27 0.33 0.01 0.31 0.17 0.22 0.565979
0_bmbm_14,SP b an m a b an m a SP n i sh u ei b a sh u ei b a SP,0.452063 0.19 0.16 0.29 0.69 0.13 0.35 0.24 0.825 0.415 0.13 0.28 0.97 0.01 0.02 0.1 0.28 0.52 0.01 0.02 0.11 0.515 0.834567
0_dy_6,d a SP v d e ch i b ang SP i j ing t ai l i ao k uo SP,0.13 0.345 0.095 0.26 0.13 1.25 0.21 0.17 0.07 0.455 0.435 0.24 0.17 0.24 0.17 0.52 0.98 0.01 0.02 0.24 0.86 0.625779
0_xc_6,t ing t a z ai x van x i ao l i b ei i an m o SP AP SP,0.14 0.14 0.17 0.33 0.14 0.13 0.19 0.16 0.44 0.01 0.02 0.17 0.15 0.14 0.42 0.01 0.28 0.1 0.445 0.09 0.3885 0.260975
0_xyrp_1,SP zh e SP i j i an u z i r u c i m i b i SP,0.387755 0.22 0.275 0.095 0.18 0.19 0.05 0.4 0.05 0.48 0.02 0.08 0.5 0.25 0.28 0.07 0.46 0.24 0.49 0.438248
0_hd_21,x ing zh e q in u en d e u en r ou SP,0.18 0.26 0.17 0.23 0.22 0.57 0.02 0.02 0.09 0.35 0.02 0.58 0.09 0.365 0.854334
0_ckyg_34,SP ie d i b u g uo ie l i SP,0.17 0.02 0.1 0.1 0.13 0.09 0.13 0.1475 0.2325 0.12 1.975 0.31444
0_xc_35,SP k uan zh ong uo d e sh en t i h ou zh ong l e j i an b ang SP,0.323515 0.14 0.16 0.13 0.2275 0.1725 0.11 0.12 0.19 0.4 0.16 0.32 0.18 0.16 0.14 0.2 0.03 0.14 0.14 0.04 0.155 0.075 0.205 0.379537
0_jtsndsrmm_27,SP k e uo q ve b u n eng SP p ei z ai n i sh en b i an AP SP,0.460522 0.13 0.2575 0.26 0.1925 0.44 0.2 0.13 0.1 0.135 0.225 0.17 0.01 0.13 0.18 0.05 0.1 0.17 0.39 0.12 0.04 0.295 0.47781 0.147234
0_xyrp_6,n i f ei d ao t i an d e b i an SP van,0.17 1.1375 0.3125 0.26 0.11 0.21 0.17 0.02 0.23 0.08 0.95 0.16 0.01 0.75 0.86 0.04994
0_rgwbsw_15,SP t ong n i i q i SP b ei sh ang SP,0.17458 0.12 0.15 0.08 0.01 0.3 0.25 0.595 0.375 0.09 0.13 0.19 0.525 1.140161
0_ylybd_28,SP m ei b i i ao sh ang b ei SP,0.132608 0.16 0.28 0.18 0.39 0.02 0.97 0.18 0.34 0.08 0.89 0.610207
0_xc_41,SP q ing x ing d e r en z u ei h u ang t SP,0.220181 0.18 0.15 0.16 0.13 0.1 0.14 0.12 0.17 0.56 0.01 0.03 0.7 0.01 0.02 1.305 0.23206
0_xyrp_9,x v i ao f ang x i ang x v i ao i an l ei SP,0.19 0.5075 0.0125 0.02 0.17 0.21 0.28 0.01 0.05 0.19 0.69 0.02 0.17 0.01 0.01 0.19 0.095 0.63481
0_dnll_31,SP i an m ei d i ch u ei SP,0.569524 0.02 0.5575 0.0525 0.17 0.15 0.17 0.3 0.01 0.855 0.37106
0_dnll_17,zh e j i ou SP sh i uo SP x in l i d e g e SP,0.25 0.15 0.2175 0.0125 0.51 0.33 0.52 0.01 0.49 0.33 0.21 0.24 0.07 0.15 0.1 0.17 0.21 1.4 0.66719
0_jtsndsrmm_54,SP l a l a l a SP,2.22 0.08 0.11 0.13 0.18 0.08 0.3 0.29012
0_jtsndsrmm_42,SP sh i g e n an h ai h ei SP,0.30458 0.15 0.08 0.13 0.36 0.1 0.33 0.16 2.41 0.01 0.785 0.89525